insulin,glucose,bloodpressure,patientid,id,measurement_date
0,148,72,1,1,2022-12-13
0,85,66,2,2,2022-12-13
0,183,64,3,3,2022-12-13
94,89,66,4,4,2022-12-13
168,137,40,5,5,2022-12-13
0,116,74,6,6,2022-12-13
88,78,50,7,7,2022-12-13
0,115,0,8,8,2022-12-13
543,197,70,9,9,2022-12-13
0,125,96,10,10,2022-12-13
0,110,92,11,11,2022-12-13
0,168,74,12,12,2022-12-13
0,139,80,13,13,2022-12-13
846,189,60,14,14,2022-12-13
175,166,72,15,15,2022-12-13
0,100,0,16,16,2022-12-13
230,118,84,17,17,2022-12-13
0,107,74,18,18,2022-12-13
83,103,30,19,19,2022-12-13
96,115,70,20,20,2022-12-13
235,126,88,21,21,2022-12-13
0,99,84,22,22,2022-12-13
0,196,90,23,23,2022-12-13
0,119,80,24,24,2022-12-13
146,143,94,25,25,2022-12-13
115,125,70,26,26,2022-12-13
0,147,76,27,27,2022-12-13
140,97,66,28,28,2022-12-13
110,145,82,29,29,2022-12-13
0,117,92,30,30,2022-12-13
0,109,75,31,31,2022-12-13
245,158,76,32,32,2022-12-13
54,88,58,33,33,2022-12-13
0,92,92,34,34,2022-12-13
0,122,78,35,35,2022-12-13
192,103,60,36,36,2022-12-13
0,138,76,37,37,2022-12-13
0,102,76,38,38,2022-12-13
0,90,68,39,39,2022-12-13
207,111,72,40,40,2022-12-13
70,180,64,41,41,2022-12-13
0,133,84,42,42,2022-12-13
0,106,92,43,43,2022-12-13
240,171,110,44,44,2022-12-13
0,159,64,45,45,2022-12-13
0,180,66,46,46,2022-12-13
0,146,56,47,47,2022-12-13
0,71,70,48,48,2022-12-13
0,103,66,49,49,2022-12-13
0,105,0,50,50,2022-12-13
82,103,80,51,51,2022-12-13
36,101,50,52,52,2022-12-13
23,88,66,53,53,2022-12-13
300,176,90,54,54,2022-12-13
342,150,66,55,55,2022-12-13
0,73,50,56,56,2022-12-13
304,187,68,57,57,2022-12-13
110,100,88,58,58,2022-12-13
0,146,82,59,59,2022-12-13
142,105,64,60,60,2022-12-13
0,84,0,61,61,2022-12-13
0,133,72,62,62,2022-12-13
0,44,62,63,63,2022-12-13
128,141,58,64,64,2022-12-13
0,114,66,65,65,2022-12-13
0,99,74,66,66,2022-12-13
0,109,88,67,67,2022-12-13
0,109,92,68,68,2022-12-13
38,95,66,69,69,2022-12-13
100,146,85,70,70,2022-12-13
90,100,66,71,71,2022-12-13
140,139,64,72,72,2022-12-13
0,126,90,73,73,2022-12-13
270,129,86,74,74,2022-12-13
0,79,75,75,75,2022-12-13
0,0,48,76,76,2022-12-13
0,62,78,77,77,2022-12-13
0,95,72,78,78,2022-12-13
0,131,0,79,79,2022-12-13
0,112,66,80,80,2022-12-13
0,113,44,81,81,2022-12-13
0,74,0,82,82,2022-12-13
71,83,78,83,83,2022-12-13
0,101,65,84,84,2022-12-13
0,137,108,85,85,2022-12-13
125,110,74,86,86,2022-12-13
0,106,72,87,87,2022-12-13
71,100,68,88,88,2022-12-13
110,136,70,89,89,2022-12-13
0,107,68,90,90,2022-12-13
0,80,55,91,91,2022-12-13
176,123,80,92,92,2022-12-13
48,81,78,93,93,2022-12-13
0,134,72,94,94,2022-12-13
64,142,82,95,95,2022-12-13
228,144,72,96,96,2022-12-13
0,92,62,97,97,2022-12-13
76,71,48,98,98,2022-12-13
64,93,50,99,99,2022-12-13
220,122,90,100,100,2022-12-13
0,163,72,101,101,2022-12-13
0,151,60,102,102,2022-12-13
0,125,96,103,103,2022-12-13
40,81,72,104,104,2022-12-13
0,85,65,105,105,2022-12-13
152,126,56,106,106,2022-12-13
0,96,122,107,107,2022-12-13
140,144,58,108,108,2022-12-13
18,83,58,109,109,2022-12-13
36,95,85,110,110,2022-12-13
135,171,72,111,111,2022-12-13
495,155,62,112,112,2022-12-13
37,89,76,113,113,2022-12-13
0,76,62,114,114,2022-12-13
175,160,54,115,115,2022-12-13
0,146,92,116,116,2022-12-13
0,124,74,117,117,2022-12-13
0,78,48,118,118,2022-12-13
0,97,60,119,119,2022-12-13
51,99,76,120,120,2022-12-13
100,162,76,121,121,2022-12-13
0,111,64,122,122,2022-12-13
100,107,74,123,123,2022-12-13
0,132,80,124,124,2022-12-13
0,113,76,125,125,2022-12-13
99,88,30,126,126,2022-12-13
135,120,70,127,127,2022-12-13
94,118,58,128,128,2022-12-13
145,117,88,129,129,2022-12-13
0,105,84,130,130,2022-12-13
168,173,70,131,131,2022-12-13
0,122,56,132,132,2022-12-13
225,170,64,133,133,2022-12-13
0,84,74,134,134,2022-12-13
49,96,68,135,135,2022-12-13
140,125,60,136,136,2022-12-13
50,100,70,137,137,2022-12-13
92,93,60,138,138,2022-12-13
0,129,80,139,139,2022-12-13
325,105,72,140,140,2022-12-13
0,128,78,141,141,2022-12-13
0,106,82,142,142,2022-12-13
63,108,52,143,143,2022-12-13
0,108,66,144,144,2022-12-13
284,154,62,145,145,2022-12-13
0,102,75,146,146,2022-12-13
0,57,80,147,147,2022-12-13
119,106,64,148,148,2022-12-13
0,147,78,149,149,2022-12-13
0,90,70,150,150,2022-12-13
204,136,74,151,151,2022-12-13
0,114,65,152,152,2022-12-13
155,156,86,153,153,2022-12-13
485,153,82,154,154,2022-12-13
0,188,78,155,155,2022-12-13
0,152,88,156,156,2022-12-13
94,99,52,157,157,2022-12-13
135,109,56,158,158,2022-12-13
53,88,74,159,159,2022-12-13
114,163,72,160,160,2022-12-13
0,151,90,161,161,2022-12-13
105,102,74,162,162,2022-12-13
285,114,80,163,163,2022-12-13
0,100,64,164,164,2022-12-13
0,131,88,165,165,2022-12-13
156,104,74,166,166,2022-12-13
0,148,66,167,167,2022-12-13
0,120,68,168,168,2022-12-13
0,110,66,169,169,2022-12-13
78,111,90,170,170,2022-12-13
0,102,82,171,171,2022-12-13
130,134,70,172,172,2022-12-13
0,87,0,173,173,2022-12-13
48,79,60,174,174,2022-12-13
55,75,64,175,175,2022-12-13
130,179,72,176,176,2022-12-13
0,85,78,177,177,2022-12-13
130,129,110,178,178,2022-12-13
0,143,78,179,179,2022-12-13
0,130,82,180,180,2022-12-13
0,87,80,181,181,2022-12-13
92,119,64,182,182,2022-12-13
23,0,74,183,183,2022-12-13
0,73,60,184,184,2022-12-13
0,141,74,185,185,2022-12-13
0,194,68,186,186,2022-12-13
495,181,68,187,187,2022-12-13
58,128,98,188,188,2022-12-13
114,109,76,189,189,2022-12-13
160,139,80,190,190,2022-12-13
0,111,62,191,191,2022-12-13
94,123,70,192,192,2022-12-13
0,159,66,193,193,2022-12-13
0,135,0,194,194,2022-12-13
0,85,55,195,195,2022-12-13
210,158,84,196,196,2022-12-13
0,105,58,197,197,2022-12-13
48,107,62,198,198,2022-12-13
99,109,64,199,199,2022-12-13
318,148,60,200,200,2022-12-13
0,113,80,201,201,2022-12-13
0,138,82,202,202,2022-12-13
0,108,68,203,203,2022-12-13
44,99,70,204,204,2022-12-13
190,103,72,205,205,2022-12-13
0,111,72,206,206,2022-12-13
280,196,76,207,207,2022-12-13
0,162,104,208,208,2022-12-13
87,96,64,209,209,2022-12-13
0,184,84,210,210,2022-12-13
0,81,60,211,211,2022-12-13
0,147,85,212,212,2022-12-13
0,179,95,213,213,2022-12-13
130,140,65,214,214,2022-12-13
175,112,82,215,215,2022-12-13
271,151,70,216,216,2022-12-13
129,109,62,217,217,2022-12-13
120,125,68,218,218,2022-12-13
0,85,74,219,219,2022-12-13
0,112,66,220,220,2022-12-13
478,177,60,221,221,2022-12-13
0,158,90,222,222,2022-12-13
0,119,0,223,223,2022-12-13
190,142,60,224,224,2022-12-13
56,100,66,225,225,2022-12-13
32,87,78,226,226,2022-12-13
0,101,76,227,227,2022-12-13
0,162,52,228,228,2022-12-13
744,197,70,229,229,2022-12-13
53,117,80,230,230,2022-12-13
0,142,86,231,231,2022-12-13
370,134,80,232,232,2022-12-13
37,79,80,233,233,2022-12-13
0,122,68,234,234,2022-12-13
45,74,68,235,235,2022-12-13
0,171,72,236,236,2022-12-13
192,181,84,237,237,2022-12-13
0,179,90,238,238,2022-12-13
0,164,84,239,239,2022-12-13
0,104,76,240,240,2022-12-13
0,91,64,241,241,2022-12-13
88,91,70,242,242,2022-12-13
0,139,54,243,243,2022-12-13
176,119,50,244,244,2022-12-13
194,146,76,245,245,2022-12-13
0,184,85,246,246,2022-12-13
0,122,68,247,247,2022-12-13
680,165,90,248,248,2022-12-13
402,124,70,249,249,2022-12-13
0,111,86,250,250,2022-12-13
0,106,52,251,251,2022-12-13
0,129,84,252,252,2022-12-13
55,90,80,253,253,2022-12-13
0,86,68,254,254,2022-12-13
258,92,62,255,255,2022-12-13
0,113,64,256,256,2022-12-13
0,111,56,257,257,2022-12-13
0,114,68,258,258,2022-12-13
375,193,50,259,259,2022-12-13
150,155,76,260,260,2022-12-13
130,191,68,261,261,2022-12-13
0,141,0,262,262,2022-12-13
0,95,70,263,263,2022-12-13
0,142,80,264,264,2022-12-13
0,123,62,265,265,2022-12-13
67,96,74,266,266,2022-12-13
0,138,0,267,267,2022-12-13
0,128,64,268,268,2022-12-13
0,102,52,269,269,2022-12-13
0,146,0,270,270,2022-12-13
0,101,86,271,271,2022-12-13
56,108,62,272,272,2022-12-13
0,122,78,273,273,2022-12-13
45,71,78,274,274,2022-12-13
0,106,70,275,275,2022-12-13
57,100,70,276,276,2022-12-13
0,106,60,277,277,2022-12-13
116,104,64,278,278,2022-12-13
0,114,74,279,279,2022-12-13
278,108,62,280,280,2022-12-13
0,146,70,281,281,2022-12-13
122,129,76,282,282,2022-12-13
155,133,88,283,283,2022-12-13
0,161,86,284,284,2022-12-13
0,108,80,285,285,2022-12-13
135,136,74,286,286,2022-12-13
545,155,84,287,287,2022-12-13
220,119,86,288,288,2022-12-13
49,96,56,289,289,2022-12-13
75,108,72,290,290,2022-12-13
40,78,88,291,291,2022-12-13
74,107,62,292,292,2022-12-13
182,128,78,293,293,2022-12-13
194,128,48,294,294,2022-12-13
0,161,50,295,295,2022-12-13
120,151,62,296,296,2022-12-13
360,146,70,297,297,2022-12-13
215,126,84,298,298,2022-12-13
184,100,78,299,299,2022-12-13
0,112,72,300,300,2022-12-13
0,167,0,301,301,2022-12-13
135,144,58,302,302,2022-12-13
42,77,82,303,303,2022-12-13
0,115,98,304,304,2022-12-13
0,150,76,305,305,2022-12-13
105,120,76,306,306,2022-12-13
132,161,68,307,307,2022-12-13
148,137,68,308,308,2022-12-13
180,128,68,309,309,2022-12-13
205,124,68,310,310,2022-12-13
0,80,66,311,311,2022-12-13
148,106,70,312,312,2022-12-13
96,155,74,313,313,2022-12-13
85,113,50,314,314,2022-12-13
0,109,80,315,315,2022-12-13
94,112,68,316,316,2022-12-13
64,99,80,317,317,2022-12-13
0,182,74,318,318,2022-12-13
140,115,66,319,319,2022-12-13
0,194,78,320,320,2022-12-13
231,129,60,321,321,2022-12-13
0,112,74,322,322,2022-12-13
0,124,70,323,323,2022-12-13
29,152,90,324,324,2022-12-13
0,112,75,325,325,2022-12-13
168,157,72,326,326,2022-12-13
156,122,64,327,327,2022-12-13
0,179,70,328,328,2022-12-13
120,102,86,329,329,2022-12-13
68,105,70,330,330,2022-12-13
0,118,72,331,331,2022-12-13
52,87,58,332,332,2022-12-13
0,180,0,333,333,2022-12-13
0,106,80,334,334,2022-12-13
58,95,60,335,335,2022-12-13
255,165,76,336,336,2022-12-13
0,117,0,337,337,2022-12-13
0,115,76,338,338,2022-12-13
171,152,78,339,339,2022-12-13
0,178,84,340,340,2022-12-13
105,130,70,341,341,2022-12-13
73,95,74,342,342,2022-12-13
0,0,68,343,343,2022-12-13
0,122,86,344,344,2022-12-13
0,95,72,345,345,2022-12-13
108,126,88,346,346,2022-12-13
83,139,46,347,347,2022-12-13
0,116,0,348,348,2022-12-13
74,99,62,349,349,2022-12-13
0,0,80,350,350,2022-12-13
0,92,80,351,351,2022-12-13
0,137,84,352,352,2022-12-13
0,61,82,353,353,2022-12-13
43,90,62,354,354,2022-12-13
0,90,78,355,355,2022-12-13
0,165,88,356,356,2022-12-13
167,125,50,357,357,2022-12-13
0,129,0,358,358,2022-12-13
54,88,74,359,359,2022-12-13
249,196,76,360,360,2022-12-13
325,189,64,361,361,2022-12-13
0,158,70,362,362,2022-12-13
0,103,108,363,363,2022-12-13
0,146,78,364,364,2022-12-13
293,147,74,365,365,2022-12-13
83,99,54,366,366,2022-12-13
0,124,72,367,367,2022-12-13
0,101,64,368,368,2022-12-13
66,81,86,369,369,2022-12-13
140,133,102,370,370,2022-12-13
465,173,82,371,371,2022-12-13
89,118,64,372,372,2022-12-13
66,84,64,373,373,2022-12-13
94,105,58,374,374,2022-12-13
158,122,52,375,375,2022-12-13
325,140,82,376,376,2022-12-13
84,98,82,377,377,2022-12-13
75,87,60,378,378,2022-12-13
0,156,75,379,379,2022-12-13
72,93,100,380,380,2022-12-13
82,107,72,381,381,2022-12-13
0,105,68,382,382,2022-12-13
182,109,60,383,383,2022-12-13
59,90,62,384,384,2022-12-13
110,125,70,385,385,2022-12-13
50,119,54,386,386,2022-12-13
0,116,74,387,387,2022-12-13
0,105,100,388,388,2022-12-13
285,144,82,389,389,2022-12-13
81,100,68,390,390,2022-12-13
196,100,66,391,391,2022-12-13
0,166,76,392,392,2022-12-13
415,131,64,393,393,2022-12-13
87,116,72,394,394,2022-12-13
0,158,78,395,395,2022-12-13
275,127,58,396,396,2022-12-13
115,96,56,397,397,2022-12-13
0,131,66,398,398,2022-12-13
0,82,70,399,399,2022-12-13
0,193,70,400,400,2022-12-13
0,95,64,401,401,2022-12-13
0,137,61,402,402,2022-12-13
88,136,84,403,403,2022-12-13
0,72,78,404,404,2022-12-13
0,168,64,405,405,2022-12-13
165,123,48,406,406,2022-12-13
0,115,72,407,407,2022-12-13
0,101,62,408,408,2022-12-13
0,197,74,409,409,2022-12-13
579,172,68,410,410,2022-12-13
0,102,90,411,411,2022-12-13
176,112,72,412,412,2022-12-13
310,143,84,413,413,2022-12-13
61,143,74,414,414,2022-12-13
167,138,60,415,415,2022-12-13
474,173,84,416,416,2022-12-13
0,97,68,417,417,2022-12-13
0,144,82,418,418,2022-12-13
0,83,68,419,419,2022-12-13
115,129,64,420,420,2022-12-13
170,119,88,421,421,2022-12-13
76,94,68,422,422,2022-12-13
78,102,64,423,423,2022-12-13
0,115,64,424,424,2022-12-13
210,151,78,425,425,2022-12-13
277,184,78,426,426,2022-12-13
0,94,0,427,427,2022-12-13
180,181,64,428,428,2022-12-13
145,135,94,429,429,2022-12-13
180,95,82,430,430,2022-12-13
0,99,0,431,431,2022-12-13
85,89,74,432,432,2022-12-13
60,80,74,433,433,2022-12-13
0,139,75,434,434,2022-12-13
0,90,68,435,435,2022-12-13
0,141,0,436,436,2022-12-13
0,140,85,437,437,2022-12-13
0,147,75,438,438,2022-12-13
0,97,70,439,439,2022-12-13
0,107,88,440,440,2022-12-13
0,189,104,441,441,2022-12-13
50,83,66,442,442,2022-12-13
120,117,64,443,443,2022-12-13
0,108,70,444,444,2022-12-13
0,117,62,445,445,2022-12-13
14,180,78,446,446,2022-12-13
70,100,72,447,447,2022-12-13
92,95,80,448,448,2022-12-13
64,104,64,449,449,2022-12-13
63,120,74,450,450,2022-12-13
95,82,64,451,451,2022-12-13
0,134,70,452,452,2022-12-13
210,91,68,453,453,2022-12-13
0,119,0,454,454,2022-12-13
105,100,54,455,455,2022-12-13
0,175,62,456,456,2022-12-13
0,135,54,457,457,2022-12-13
71,86,68,458,458,2022-12-13
237,148,84,459,459,2022-12-13
60,134,74,460,460,2022-12-13
56,120,72,461,461,2022-12-13
0,71,62,462,462,2022-12-13
49,74,70,463,463,2022-12-13
0,88,78,464,464,2022-12-13
0,115,98,465,465,2022-12-13
105,124,56,466,466,2022-12-13
36,74,52,467,467,2022-12-13
100,97,64,468,468,2022-12-13
0,120,0,469,469,2022-12-13
140,154,78,470,470,2022-12-13
0,144,82,471,471,2022-12-13
0,137,70,472,472,2022-12-13
0,119,66,473,473,2022-12-13
0,136,90,474,474,2022-12-13
0,114,64,475,475,2022-12-13
0,137,84,476,476,2022-12-13
191,105,80,477,477,2022-12-13
110,114,76,478,478,2022-12-13
75,126,74,479,479,2022-12-13
0,132,86,480,480,2022-12-13
328,158,70,481,481,2022-12-13
0,123,88,482,482,2022-12-13
49,85,58,483,483,2022-12-13
125,84,82,484,484,2022-12-13
0,145,0,485,485,2022-12-13
250,135,68,486,486,2022-12-13
480,139,62,487,487,2022-12-13
265,173,78,488,488,2022-12-13
0,99,72,489,489,2022-12-13
0,194,80,490,490,2022-12-13
66,83,65,491,491,2022-12-13
0,89,90,492,492,2022-12-13
0,99,68,493,493,2022-12-13
122,125,70,494,494,2022-12-13
0,80,0,495,495,2022-12-13
0,166,74,496,496,2022-12-13
0,110,68,497,497,2022-12-13
76,81,72,498,498,2022-12-13
145,195,70,499,499,2022-12-13
193,154,74,500,500,2022-12-13
71,117,90,501,501,2022-12-13
0,84,72,502,502,2022-12-13
0,0,68,503,503,2022-12-13
79,94,64,504,504,2022-12-13
0,96,78,505,505,2022-12-13
0,75,82,506,506,2022-12-13
90,180,90,507,507,2022-12-13
170,130,60,508,508,2022-12-13
76,84,50,509,509,2022-12-13
0,120,78,510,510,2022-12-13
0,84,72,511,511,2022-12-13
210,139,62,512,512,2022-12-13
0,91,68,513,513,2022-12-13
0,91,62,514,514,2022-12-13
86,99,54,515,515,2022-12-13
105,163,70,516,516,2022-12-13
165,145,88,517,517,2022-12-13
0,125,86,518,518,2022-12-13
0,76,60,519,519,2022-12-13
326,129,90,520,520,2022-12-13
66,68,70,521,521,2022-12-13
130,124,80,522,522,2022-12-13
0,114,0,523,523,2022-12-13
0,130,70,524,524,2022-12-13
0,125,58,525,525,2022-12-13
0,87,60,526,526,2022-12-13
82,97,64,527,527,2022-12-13
105,116,74,528,528,2022-12-13
188,117,66,529,529,2022-12-13
0,111,65,530,530,2022-12-13
106,122,60,531,531,2022-12-13
0,107,76,532,532,2022-12-13
65,86,66,533,533,2022-12-13
0,91,0,534,534,2022-12-13
56,77,56,535,535,2022-12-13
0,132,0,536,536,2022-12-13
0,105,90,537,537,2022-12-13
0,57,60,538,538,2022-12-13
210,127,80,539,539,2022-12-13
155,129,92,540,540,2022-12-13
215,100,74,541,541,2022-12-13
190,128,72,542,542,2022-12-13
0,90,85,543,543,2022-12-13
56,84,90,544,544,2022-12-13
76,88,78,545,545,2022-12-13
225,186,90,546,546,2022-12-13
207,187,76,547,547,2022-12-13
166,131,68,548,548,2022-12-13
67,164,82,549,549,2022-12-13
0,189,110,550,550,2022-12-13
0,116,70,551,551,2022-12-13
106,84,68,552,552,2022-12-13
0,114,88,553,553,2022-12-13
44,88,62,554,554,2022-12-13
115,84,64,555,555,2022-12-13
215,124,70,556,556,2022-12-13
0,97,70,557,557,2022-12-13
0,110,76,558,558,2022-12-13
0,103,68,559,559,2022-12-13
0,85,74,560,560,2022-12-13
0,125,76,561,561,2022-12-13
274,198,66,562,562,2022-12-13
77,87,68,563,563,2022-12-13
54,99,60,564,564,2022-12-13
0,91,80,565,565,2022-12-13
88,95,54,566,566,2022-12-13
18,99,72,567,567,2022-12-13
126,92,62,568,568,2022-12-13
126,154,72,569,569,2022-12-13
165,121,66,570,570,2022-12-13
0,78,70,571,571,2022-12-13
0,130,96,572,572,2022-12-13
44,111,58,573,573,2022-12-13
120,98,60,574,574,2022-12-13
330,143,86,575,575,2022-12-13
63,119,44,576,576,2022-12-13
130,108,44,577,577,2022-12-13
0,118,80,578,578,2022-12-13
0,133,68,579,579,2022-12-13
0,197,70,580,580,2022-12-13
0,151,90,581,581,2022-12-13
0,109,60,582,582,2022-12-13
0,121,78,583,583,2022-12-13
0,100,76,584,584,2022-12-13
600,124,76,585,585,2022-12-13
0,93,56,586,586,2022-12-13
0,143,66,587,587,2022-12-13
0,103,66,588,588,2022-12-13
156,176,86,589,589,2022-12-13
0,73,0,590,590,2022-12-13
0,111,84,591,591,2022-12-13
140,112,78,592,592,2022-12-13
0,132,80,593,593,2022-12-13
115,82,52,594,594,2022-12-13
230,123,72,595,595,2022-12-13
185,188,82,596,596,2022-12-13
0,67,76,597,597,2022-12-13
25,89,24,598,598,2022-12-13
0,173,74,599,599,2022-12-13
120,109,38,600,600,2022-12-13
0,108,88,601,601,2022-12-13
0,96,0,602,602,2022-12-13
0,124,74,603,603,2022-12-13
126,150,78,604,604,2022-12-13
0,183,0,605,605,2022-12-13
0,124,60,606,606,2022-12-13
293,181,78,607,607,2022-12-13
41,92,62,608,608,2022-12-13
272,152,82,609,609,2022-12-13
182,111,62,610,610,2022-12-13
158,106,54,611,611,2022-12-13
194,174,58,612,612,2022-12-13
321,168,88,613,613,2022-12-13
0,105,80,614,614,2022-12-13
144,138,74,615,615,2022-12-13
0,106,72,616,616,2022-12-13
0,117,96,617,617,2022-12-13
15,68,62,618,618,2022-12-13
0,112,82,619,619,2022-12-13
0,119,0,620,620,2022-12-13
160,112,86,621,621,2022-12-13
0,92,76,622,622,2022-12-13
0,183,94,623,623,2022-12-13
115,94,70,624,624,2022-12-13
0,108,64,625,625,2022-12-13
54,90,88,626,626,2022-12-13
0,125,68,627,627,2022-12-13
0,132,78,628,628,2022-12-13
0,128,80,629,629,2022-12-13
0,94,65,630,630,2022-12-13
0,114,64,631,631,2022-12-13
90,102,78,632,632,2022-12-13
0,111,60,633,633,2022-12-13
183,128,82,634,634,2022-12-13
0,92,62,635,635,2022-12-13
0,104,72,636,636,2022-12-13
0,104,74,637,637,2022-12-13
66,94,76,638,638,2022-12-13
91,97,76,639,639,2022-12-13
46,100,74,640,640,2022-12-13
105,102,86,641,641,2022-12-13
0,128,70,642,642,2022-12-13
0,147,80,643,643,2022-12-13
0,90,0,644,644,2022-12-13
152,103,72,645,645,2022-12-13
440,157,74,646,646,2022-12-13
144,167,74,647,647,2022-12-13
159,179,50,648,648,2022-12-13
130,136,84,649,649,2022-12-13
0,107,60,650,650,2022-12-13
100,91,54,651,651,2022-12-13
106,117,60,652,652,2022-12-13
77,123,74,653,653,2022-12-13
0,120,54,654,654,2022-12-13
135,106,70,655,655,2022-12-13
540,155,52,656,656,2022-12-13
90,101,58,657,657,2022-12-13
200,120,80,658,658,2022-12-13
0,127,106,659,659,2022-12-13
70,80,82,660,660,2022-12-13
0,162,84,661,661,2022-12-13
0,199,76,662,662,2022-12-13
231,167,106,663,663,2022-12-13
130,145,80,664,664,2022-12-13
0,115,60,665,665,2022-12-13
132,112,80,666,666,2022-12-13
0,145,82,667,667,2022-12-13
0,111,70,668,668,2022-12-13
190,98,58,669,669,2022-12-13
100,154,78,670,670,2022-12-13
168,165,68,671,671,2022-12-13
0,99,58,672,672,2022-12-13
49,68,106,673,673,2022-12-13
240,123,100,674,674,2022-12-13
0,91,82,675,675,2022-12-13
0,195,70,676,676,2022-12-13
0,156,86,677,677,2022-12-13
0,93,60,678,678,2022-12-13
0,121,52,679,679,2022-12-13
265,101,58,680,680,2022-12-13
45,56,56,681,681,2022-12-13
0,162,76,682,682,2022-12-13
105,95,64,683,683,2022-12-13
0,125,80,684,684,2022-12-13
0,136,82,685,685,2022-12-13
205,129,74,686,686,2022-12-13
0,130,64,687,687,2022-12-13
0,107,50,688,688,2022-12-13
180,140,74,689,689,2022-12-13
180,144,82,690,690,2022-12-13
0,107,80,691,691,2022-12-13
0,158,114,692,692,2022-12-13
95,121,70,693,693,2022-12-13
125,129,68,694,694,2022-12-13
0,90,60,695,695,2022-12-13
480,142,90,696,696,2022-12-13
125,169,74,697,697,2022-12-13
0,99,0,698,698,2022-12-13
155,127,88,699,699,2022-12-13
0,118,70,700,700,2022-12-13
200,122,76,701,701,2022-12-13
0,125,78,702,702,2022-12-13
0,168,88,703,703,2022-12-13
0,129,0,704,704,2022-12-13
100,110,76,705,705,2022-12-13
0,80,80,706,706,2022-12-13
0,115,0,707,707,2022-12-13
335,127,46,708,708,2022-12-13
0,164,78,709,709,2022-12-13
160,93,64,710,710,2022-12-13
387,158,64,711,711,2022-12-13
22,126,78,712,712,2022-12-13
0,129,62,713,713,2022-12-13
291,134,58,714,714,2022-12-13
0,102,74,715,715,2022-12-13
392,187,50,716,716,2022-12-13
185,173,78,717,717,2022-12-13
0,94,72,718,718,2022-12-13
178,108,60,719,719,2022-12-13
0,97,76,720,720,2022-12-13
0,83,86,721,721,2022-12-13
200,114,66,722,722,2022-12-13
127,149,68,723,723,2022-12-13
105,117,86,724,724,2022-12-13
0,111,94,725,725,2022-12-13
0,112,78,726,726,2022-12-13
180,116,78,727,727,2022-12-13
0,141,84,728,728,2022-12-13
0,175,88,729,729,2022-12-13
0,92,52,730,730,2022-12-13
79,130,78,731,731,2022-12-13
0,120,86,732,732,2022-12-13
120,174,88,733,733,2022-12-13
165,106,56,734,734,2022-12-13
0,105,75,735,735,2022-12-13
0,95,60,736,736,2022-12-13
120,126,86,737,737,2022-12-13
0,65,72,738,738,2022-12-13
160,99,60,739,739,2022-12-13
0,102,74,740,740,2022-12-13
150,120,80,741,741,2022-12-13
94,102,44,742,742,2022-12-13
116,109,58,743,743,2022-12-13
0,140,94,744,744,2022-12-13
140,153,88,745,745,2022-12-13
105,100,84,746,746,2022-12-13
0,147,94,747,747,2022-12-13
57,81,74,748,748,2022-12-13
200,187,70,749,749,2022-12-13
0,162,62,750,750,2022-12-13
0,136,70,751,751,2022-12-13
74,121,78,752,752,2022-12-13
0,108,62,753,753,2022-12-13
510,181,88,754,754,2022-12-13
0,154,78,755,755,2022-12-13
110,128,88,756,756,2022-12-13
0,137,90,757,757,2022-12-13
0,123,72,758,758,2022-12-13
0,106,76,759,759,2022-12-13
0,190,92,760,760,2022-12-13
16,88,58,761,761,2022-12-13
0,170,74,762,762,2022-12-13
0,89,62,763,763,2022-12-13
180,101,76,764,764,2022-12-13
0,122,70,765,765,2022-12-13
112,121,72,766,766,2022-12-13
0,126,60,767,767,2022-12-13
0,93,70,768,768,2022-12-13
80,172,117,1,769,2022-12-01
80,54,93,2,770,2022-12-01
1,168,100,3,771,2022-12-01
26,53,39,4,772,2022-12-01
54,184,116,5,773,2022-12-01
10,112,39,6,774,2022-12-01
53,116,119,7,775,2022-12-01
14,101,39,8,776,2022-12-01
95,77,14,9,777,2022-12-01
91,43,26,10,778,2022-12-01
1,196,22,11,779,2022-12-01
42,117,72,12,780,2022-12-01
88,193,99,13,781,2022-12-01
22,36,42,14,782,2022-12-01
57,44,57,15,783,2022-12-01
86,171,114,16,784,2022-12-01
77,145,14,17,785,2022-12-01
83,30,35,18,786,2022-12-01
50,162,25,19,787,2022-12-01
40,60,49,20,788,2022-12-01
6,140,91,21,789,2022-12-01
28,105,31,22,790,2022-12-01
46,102,10,23,791,2022-12-01
91,147,29,24,792,2022-12-01
30,88,108,25,793,2022-12-01
91,2,77,26,794,2022-12-01
55,92,50,27,795,2022-12-01
19,95,92,28,796,2022-12-01
54,165,15,29,797,2022-12-01
84,189,24,30,798,2022-12-01
15,143,4,31,799,2022-12-01
82,105,56,32,800,2022-12-01
62,161,4,33,801,2022-12-01
59,113,19,34,802,2022-12-01
98,41,108,35,803,2022-12-01
85,192,51,36,804,2022-12-01
79,91,12,37,805,2022-12-01
84,137,62,38,806,2022-12-01
48,113,12,39,807,2022-12-01
32,91,4,40,808,2022-12-01
73,17,122,41,809,2022-12-01
73,98,28,42,810,2022-12-01
93,113,19,43,811,2022-12-01
20,68,58,44,812,2022-12-01
30,154,68,45,813,2022-12-01
75,6,93,46,814,2022-12-01
6,190,113,47,815,2022-12-01
68,125,100,48,816,2022-12-01
16,38,36,49,817,2022-12-01
4,161,83,50,818,2022-12-01
6,57,65,51,819,2022-12-01
83,191,37,52,820,2022-12-01
9,24,111,53,821,2022-12-01
18,85,55,54,822,2022-12-01
22,106,9,55,823,2022-12-01
26,145,77,56,824,2022-12-01
83,21,13,57,825,2022-12-01
41,171,106,58,826,2022-12-01
35,193,50,59,827,2022-12-01
98,191,76,60,828,2022-12-01
57,147,55,61,829,2022-12-01
1,153,122,62,830,2022-12-01
24,38,45,63,831,2022-12-01
91,120,84,64,832,2022-12-01
69,94,108,65,833,2022-12-01
4,79,121,66,834,2022-12-01
16,131,36,67,835,2022-12-01
43,185,115,68,836,2022-12-01
25,61,118,69,837,2022-12-01
93,139,72,70,838,2022-12-01
63,150,95,71,839,2022-12-01
56,119,97,72,840,2022-12-01
64,90,103,73,841,2022-12-01
42,119,98,74,842,2022-12-01
80,176,74,75,843,2022-12-01
55,86,96,76,844,2022-12-01
31,91,42,77,845,2022-12-01
10,187,28,78,846,2022-12-01
96,35,58,79,847,2022-12-01
66,162,70,80,848,2022-12-01
83,183,118,81,849,2022-12-01
92,8,108,82,850,2022-12-01
77,162,81,83,851,2022-12-01
60,199,60,84,852,2022-12-01
44,111,65,85,853,2022-12-01
54,69,69,86,854,2022-12-01
71,148,82,87,855,2022-12-01
1,122,33,88,856,2022-12-01
67,41,2,89,857,2022-12-01
58,21,9,90,858,2022-12-01
39,40,6,91,859,2022-12-01
45,23,2,92,860,2022-12-01
58,42,57,93,861,2022-12-01
56,103,109,94,862,2022-12-01
82,199,118,95,863,2022-12-01
13,31,61,96,864,2022-12-01
71,117,16,97,865,2022-12-01
19,64,60,98,866,2022-12-01
46,112,48,99,867,2022-12-01
7,111,49,100,868,2022-12-01
96,76,90,101,869,2022-12-01
46,33,27,102,870,2022-12-01
92,89,104,103,871,2022-12-01
6,144,54,104,872,2022-12-01
98,197,99,105,873,2022-12-01
8,74,62,106,874,2022-12-01
57,118,118,107,875,2022-12-01
34,162,107,108,876,2022-12-01
70,43,68,109,877,2022-12-01
63,168,33,110,878,2022-12-01
96,169,25,111,879,2022-12-01
79,17,62,112,880,2022-12-01
59,169,86,113,881,2022-12-01
42,150,113,114,882,2022-12-01
39,123,41,115,883,2022-12-01
15,118,40,116,884,2022-12-01
6,86,1,117,885,2022-12-01
5,154,1,118,886,2022-12-01
65,142,46,119,887,2022-12-01
96,179,17,120,888,2022-12-01
14,39,41,121,889,2022-12-01
72,11,77,122,890,2022-12-01
41,162,95,123,891,2022-12-01
21,44,11,124,892,2022-12-01
10,65,107,125,893,2022-12-01
72,149,55,126,894,2022-12-01
38,91,66,127,895,2022-12-01
27,181,107,128,896,2022-12-01
64,175,100,129,897,2022-12-01
35,7,36,130,898,2022-12-01
76,102,80,131,899,2022-12-01
38,78,47,132,900,2022-12-01
44,130,32,133,901,2022-12-01
16,95,27,134,902,2022-12-01
26,178,90,135,903,2022-12-01
54,172,106,136,904,2022-12-01
11,8,99,137,905,2022-12-01
49,113,100,138,906,2022-12-01
37,129,78,139,907,2022-12-01
29,15,54,140,908,2022-12-01
33,165,95,141,909,2022-12-01
29,103,19,142,910,2022-12-01
70,39,32,143,911,2022-12-01
31,87,47,144,912,2022-12-01
32,33,50,145,913,2022-12-01
62,164,65,146,914,2022-12-01
43,93,116,147,915,2022-12-01
31,89,87,148,916,2022-12-01
13,62,83,149,917,2022-12-01
19,120,69,150,918,2022-12-01
55,150,26,151,919,2022-12-01
89,158,74,152,920,2022-12-01
42,55,19,153,921,2022-12-01
13,152,81,154,922,2022-12-01
2,40,46,155,923,2022-12-01
14,81,104,156,924,2022-12-01
75,108,25,157,925,2022-12-01
38,148,19,158,926,2022-12-01
60,11,90,159,927,2022-12-01
18,92,102,160,928,2022-12-01
49,23,48,161,929,2022-12-01
82,39,14,162,930,2022-12-01
87,20,22,163,931,2022-12-01
2,161,9,164,932,2022-12-01
30,37,27,165,933,2022-12-01
86,196,16,166,934,2022-12-01
69,196,44,167,935,2022-12-01
71,181,108,168,936,2022-12-01
27,3,112,169,937,2022-12-01
36,91,25,170,938,2022-12-01
82,98,48,171,939,2022-12-01
51,156,83,172,940,2022-12-01
97,88,4,173,941,2022-12-01
5,91,34,174,942,2022-12-01
76,30,42,175,943,2022-12-01
27,108,106,176,944,2022-12-01
44,29,72,177,945,2022-12-01
63,142,71,178,946,2022-12-01
87,188,52,179,947,2022-12-01
11,48,120,180,948,2022-12-01
32,70,19,181,949,2022-12-01
20,116,106,182,950,2022-12-01
90,6,5,183,951,2022-12-01
97,44,112,184,952,2022-12-01
30,22,77,185,953,2022-12-01
78,176,77,186,954,2022-12-01
77,97,18,187,955,2022-12-01
95,126,96,188,956,2022-12-01
8,112,6,189,957,2022-12-01
27,13,53,190,958,2022-12-01
23,70,59,191,959,2022-12-01
94,11,79,192,960,2022-12-01
24,16,31,193,961,2022-12-01
38,142,42,194,962,2022-12-01
90,24,109,195,963,2022-12-01
24,199,96,196,964,2022-12-01
94,63,48,197,965,2022-12-01
38,97,116,198,966,2022-12-01
48,23,76,199,967,2022-12-01
14,189,98,200,968,2022-12-01
26,189,28,201,969,2022-12-01
82,146,74,202,970,2022-12-01
67,24,33,203,971,2022-12-01
39,175,96,204,972,2022-12-01
4,176,120,205,973,2022-12-01
20,200,7,206,974,2022-12-01
31,34,84,207,975,2022-12-01
70,136,117,208,976,2022-12-01
18,117,13,209,977,2022-12-01
14,48,36,210,978,2022-12-01
1,177,77,211,979,2022-12-01
48,197,53,212,980,2022-12-01
71,105,39,213,981,2022-12-01
36,143,100,214,982,2022-12-01
98,104,27,215,983,2022-12-01
30,64,28,216,984,2022-12-01
73,125,115,217,985,2022-12-01
1,101,15,218,986,2022-12-01
25,190,55,219,987,2022-12-01
89,98,75,220,988,2022-12-01
6,90,0,221,989,2022-12-01
80,20,107,222,990,2022-12-01
51,24,66,223,991,2022-12-01
41,106,110,224,992,2022-12-01
31,191,56,225,993,2022-12-01
26,170,21,226,994,2022-12-01
53,123,120,227,995,2022-12-01
5,130,121,228,996,2022-12-01
67,77,47,229,997,2022-12-01
58,109,78,230,998,2022-12-01
55,128,21,231,999,2022-12-01
71,156,18,232,1000,2022-12-01
67,177,100,233,1001,2022-12-01
67,35,103,234,1002,2022-12-01
28,71,76,235,1003,2022-12-01
55,155,39,236,1004,2022-12-01
66,191,56,237,1005,2022-12-01
13,28,115,238,1006,2022-12-01
12,11,10,239,1007,2022-12-01
97,145,4,240,1008,2022-12-01
13,111,81,241,1009,2022-12-01
6,193,84,242,1010,2022-12-01
10,108,82,243,1011,2022-12-01
21,184,20,244,1012,2022-12-01
11,68,90,245,1013,2022-12-01
7,68,61,246,1014,2022-12-01
80,60,22,247,1015,2022-12-01
79,169,47,248,1016,2022-12-01
51,64,120,249,1017,2022-12-01
67,105,18,250,1018,2022-12-01
72,115,11,251,1019,2022-12-01
17,78,77,252,1020,2022-12-01
69,98,99,253,1021,2022-12-01
5,5,42,254,1022,2022-12-01
51,49,100,255,1023,2022-12-01
73,31,102,256,1024,2022-12-01
14,138,122,257,1025,2022-12-01
86,157,96,258,1026,2022-12-01
73,85,1,259,1027,2022-12-01
39,182,32,260,1028,2022-12-01
96,143,65,261,1029,2022-12-01
83,23,89,262,1030,2022-12-01
76,74,82,263,1031,2022-12-01
42,16,5,264,1032,2022-12-01
95,115,3,265,1033,2022-12-01
82,115,40,266,1034,2022-12-01
27,188,83,267,1035,2022-12-01
11,101,106,268,1036,2022-12-01
69,50,7,269,1037,2022-12-01
90,110,119,270,1038,2022-12-01
18,50,54,271,1039,2022-12-01
71,127,99,272,1040,2022-12-01
69,148,95,273,1041,2022-12-01
76,147,94,274,1042,2022-12-01
99,160,86,275,1043,2022-12-01
78,74,66,276,1044,2022-12-01
2,68,102,277,1045,2022-12-01
20,45,113,278,1046,2022-12-01
63,137,49,279,1047,2022-12-01
20,198,32,280,1048,2022-12-01
74,144,33,281,1049,2022-12-01
22,199,87,282,1050,2022-12-01
87,14,120,283,1051,2022-12-01
57,112,13,284,1052,2022-12-01
23,63,18,285,1053,2022-12-01
45,153,43,286,1054,2022-12-01
4,157,4,287,1055,2022-12-01
13,149,54,288,1056,2022-12-01
34,154,27,289,1057,2022-12-01
81,6,115,290,1058,2022-12-01
38,115,26,291,1059,2022-12-01
95,2,85,292,1060,2022-12-01
13,21,28,293,1061,2022-12-01
62,5,86,294,1062,2022-12-01
56,147,38,295,1063,2022-12-01
96,152,92,296,1064,2022-12-01
7,193,104,297,1065,2022-12-01
42,86,86,298,1066,2022-12-01
17,186,31,299,1067,2022-12-01
2,99,79,300,1068,2022-12-01
11,187,5,301,1069,2022-12-01
34,64,46,302,1070,2022-12-01
67,24,37,303,1071,2022-12-01
97,10,121,304,1072,2022-12-01
80,6,62,305,1073,2022-12-01
38,176,4,306,1074,2022-12-01
62,26,80,307,1075,2022-12-01
42,23,121,308,1076,2022-12-01
96,9,46,309,1077,2022-12-01
20,58,39,310,1078,2022-12-01
62,148,29,311,1079,2022-12-01
62,30,115,312,1080,2022-12-01
44,66,81,313,1081,2022-12-01
35,12,112,314,1082,2022-12-01
0,194,85,315,1083,2022-12-01
77,95,44,316,1084,2022-12-01
64,154,71,317,1085,2022-12-01
59,75,41,318,1086,2022-12-01
42,160,6,319,1087,2022-12-01
63,108,104,320,1088,2022-12-01
92,194,103,321,1089,2022-12-01
97,54,81,322,1090,2022-12-01
37,23,74,323,1091,2022-12-01
93,44,46,324,1092,2022-12-01
10,107,49,325,1093,2022-12-01
61,159,62,326,1094,2022-12-01
53,199,110,327,1095,2022-12-01
43,199,111,328,1096,2022-12-01
1,8,101,329,1097,2022-12-01
30,187,108,330,1098,2022-12-01
19,167,119,331,1099,2022-12-01
71,92,40,332,1100,2022-12-01
31,21,26,333,1101,2022-12-01
1,176,99,334,1102,2022-12-01
57,132,119,335,1103,2022-12-01
83,77,99,336,1104,2022-12-01
55,156,78,337,1105,2022-12-01
79,109,71,338,1106,2022-12-01
58,137,57,339,1107,2022-12-01
9,140,55,340,1108,2022-12-01
52,150,86,341,1109,2022-12-01
56,75,38,342,1110,2022-12-01
11,122,29,343,1111,2022-12-01
89,19,35,344,1112,2022-12-01
88,137,23,345,1113,2022-12-01
52,167,24,346,1114,2022-12-01
40,47,40,347,1115,2022-12-01
80,23,104,348,1116,2022-12-01
62,9,30,349,1117,2022-12-01
65,79,16,350,1118,2022-12-01
92,80,69,351,1119,2022-12-01
19,88,69,352,1120,2022-12-01
10,101,10,353,1121,2022-12-01
71,13,43,354,1122,2022-12-01
55,168,18,355,1123,2022-12-01
51,97,28,356,1124,2022-12-01
65,89,61,357,1125,2022-12-01
75,54,94,358,1126,2022-12-01
26,16,20,359,1127,2022-12-01
98,89,102,360,1128,2022-12-01
80,92,99,361,1129,2022-12-01
5,139,106,362,1130,2022-12-01
87,15,77,363,1131,2022-12-01
79,185,100,364,1132,2022-12-01
81,13,30,365,1133,2022-12-01
52,132,69,366,1134,2022-12-01
62,50,72,367,1135,2022-12-01
35,7,28,368,1136,2022-12-01
9,53,80,369,1137,2022-12-01
59,138,86,370,1138,2022-12-01
36,9,24,371,1139,2022-12-01
70,63,3,372,1140,2022-12-01
68,139,45,373,1141,2022-12-01
99,129,69,374,1142,2022-12-01
0,44,26,375,1143,2022-12-01
66,20,55,376,1144,2022-12-01
18,195,90,377,1145,2022-12-01
1,175,32,378,1146,2022-12-01
14,180,22,379,1147,2022-12-01
26,115,114,380,1148,2022-12-01
81,112,80,381,1149,2022-12-01
13,134,45,382,1150,2022-12-01
1,98,60,383,1151,2022-12-01
59,3,105,384,1152,2022-12-01
20,31,50,385,1153,2022-12-01
1,193,118,386,1154,2022-12-01
20,86,89,387,1155,2022-12-01
28,60,108,388,1156,2022-12-01
70,36,61,389,1157,2022-12-01
100,118,28,390,1158,2022-12-01
6,102,76,391,1159,2022-12-01
54,25,75,392,1160,2022-12-01
49,103,40,393,1161,2022-12-01
37,153,8,394,1162,2022-12-01
8,42,16,395,1163,2022-12-01
9,165,43,396,1164,2022-12-01
76,35,105,397,1165,2022-12-01
87,187,51,398,1166,2022-12-01
86,160,88,399,1167,2022-12-01
98,15,4,400,1168,2022-12-01
38,165,13,401,1169,2022-12-01
77,33,122,402,1170,2022-12-01
83,24,84,403,1171,2022-12-01
20,114,52,404,1172,2022-12-01
92,25,55,405,1173,2022-12-01
95,198,42,406,1174,2022-12-01
71,160,105,407,1175,2022-12-01
32,87,100,408,1176,2022-12-01
47,141,115,409,1177,2022-12-01
92,122,5,410,1178,2022-12-01
2,56,100,411,1179,2022-12-01
69,114,82,412,1180,2022-12-01
62,22,22,413,1181,2022-12-01
6,24,12,414,1182,2022-12-01
20,151,84,415,1183,2022-12-01
86,160,11,416,1184,2022-12-01
15,164,51,417,1185,2022-12-01
97,109,83,418,1186,2022-12-01
29,106,42,419,1187,2022-12-01
28,71,2,420,1188,2022-12-01
7,7,67,421,1189,2022-12-01
96,0,104,422,1190,2022-12-01
11,185,82,423,1191,2022-12-01
38,91,30,424,1192,2022-12-01
53,182,108,425,1193,2022-12-01
10,81,52,426,1194,2022-12-01
68,92,56,427,1195,2022-12-01
78,150,49,428,1196,2022-12-01
0,133,64,429,1197,2022-12-01
13,76,63,430,1198,2022-12-01
61,185,6,431,1199,2022-12-01
15,7,75,432,1200,2022-12-01
24,41,107,433,1201,2022-12-01
37,108,110,434,1202,2022-12-01
31,147,12,435,1203,2022-12-01
92,165,73,436,1204,2022-12-01
60,148,38,437,1205,2022-12-01
87,21,64,438,1206,2022-12-01
30,153,15,439,1207,2022-12-01
53,174,101,440,1208,2022-12-01
45,191,93,441,1209,2022-12-01
66,68,49,442,1210,2022-12-01
3,33,107,443,1211,2022-12-01
62,56,31,444,1212,2022-12-01
20,147,92,445,1213,2022-12-01
51,190,42,446,1214,2022-12-01
85,75,46,447,1215,2022-12-01
49,84,27,448,1216,2022-12-01
99,3,35,449,1217,2022-12-01
18,153,64,450,1218,2022-12-01
33,37,112,451,1219,2022-12-01
10,79,79,452,1220,2022-12-01
38,94,68,453,1221,2022-12-01
15,196,12,454,1222,2022-12-01
44,139,29,455,1223,2022-12-01
96,2,60,456,1224,2022-12-01
20,169,93,457,1225,2022-12-01
55,28,115,458,1226,2022-12-01
63,198,35,459,1227,2022-12-01
76,55,119,460,1228,2022-12-01
88,194,120,461,1229,2022-12-01
0,171,102,462,1230,2022-12-01
98,114,59,463,1231,2022-12-01
57,49,84,464,1232,2022-12-01
32,117,89,465,1233,2022-12-01
87,193,107,466,1234,2022-12-01
91,73,118,467,1235,2022-12-01
81,97,7,468,1236,2022-12-01
6,196,120,469,1237,2022-12-01
76,115,72,470,1238,2022-12-01
19,96,13,471,1239,2022-12-01
73,106,22,472,1240,2022-12-01
50,136,47,473,1241,2022-12-01
39,44,106,474,1242,2022-12-01
82,121,37,475,1243,2022-12-01
85,13,62,476,1244,2022-12-01
9,175,28,477,1245,2022-12-01
70,168,101,478,1246,2022-12-01
46,189,110,479,1247,2022-12-01
1,199,15,480,1248,2022-12-01
10,161,47,481,1249,2022-12-01
33,63,71,482,1250,2022-12-01
2,48,48,483,1251,2022-12-01
58,162,113,484,1252,2022-12-01
27,177,50,485,1253,2022-12-01
26,42,115,486,1254,2022-12-01
21,29,84,487,1255,2022-12-01
46,87,110,488,1256,2022-12-01
40,183,98,489,1257,2022-12-01
45,115,7,490,1258,2022-12-01
82,102,80,491,1259,2022-12-01
12,189,90,492,1260,2022-12-01
51,11,37,493,1261,2022-12-01
87,169,85,494,1262,2022-12-01
81,125,44,495,1263,2022-12-01
53,36,68,496,1264,2022-12-01
31,160,98,497,1265,2022-12-01
56,152,115,498,1266,2022-12-01
45,102,21,499,1267,2022-12-01
91,155,61,500,1268,2022-12-01
9,150,3,501,1269,2022-12-01
54,116,117,502,1270,2022-12-01
1,60,88,503,1271,2022-12-01
7,142,2,504,1272,2022-12-01
6,120,95,505,1273,2022-12-01
96,155,5,506,1274,2022-12-01
79,134,43,507,1275,2022-12-01
40,109,6,508,1276,2022-12-01
1,56,104,509,1277,2022-12-01
25,118,79,510,1278,2022-12-01
95,27,26,511,1279,2022-12-01
49,72,26,512,1280,2022-12-01
32,136,53,513,1281,2022-12-01
80,53,16,514,1282,2022-12-01
36,18,64,515,1283,2022-12-01
49,99,107,516,1284,2022-12-01
86,122,28,517,1285,2022-12-01
94,178,6,518,1286,2022-12-01
97,177,31,519,1287,2022-12-01
60,0,55,520,1288,2022-12-01
46,72,87,521,1289,2022-12-01
21,98,57,522,1290,2022-12-01
21,130,24,523,1291,2022-12-01
100,64,62,524,1292,2022-12-01
99,52,94,525,1293,2022-12-01
70,35,104,526,1294,2022-12-01
18,197,17,527,1295,2022-12-01
89,85,54,528,1296,2022-12-01
2,49,49,529,1297,2022-12-01
60,22,104,530,1298,2022-12-01
65,52,48,531,1299,2022-12-01
71,105,8,532,1300,2022-12-01
3,195,7,533,1301,2022-12-01
66,134,51,534,1302,2022-12-01
0,102,108,535,1303,2022-12-01
52,25,58,536,1304,2022-12-01
74,28,66,537,1305,2022-12-01
80,87,20,538,1306,2022-12-01
21,161,114,539,1307,2022-12-01
65,107,54,540,1308,2022-12-01
21,27,66,541,1309,2022-12-01
17,142,22,542,1310,2022-12-01
42,109,78,543,1311,2022-12-01
43,116,103,544,1312,2022-12-01
85,177,108,545,1313,2022-12-01
49,138,38,546,1314,2022-12-01
73,84,103,547,1315,2022-12-01
85,81,76,548,1316,2022-12-01
57,91,17,549,1317,2022-12-01
66,169,78,550,1318,2022-12-01
20,137,85,551,1319,2022-12-01
21,80,48,552,1320,2022-12-01
40,15,34,553,1321,2022-12-01
86,136,93,554,1322,2022-12-01
77,120,58,555,1323,2022-12-01
39,138,70,556,1324,2022-12-01
85,29,31,557,1325,2022-12-01
40,76,80,558,1326,2022-12-01
27,118,12,559,1327,2022-12-01
25,122,41,560,1328,2022-12-01
80,200,85,561,1329,2022-12-01
6,81,75,562,1330,2022-12-01
92,99,61,563,1331,2022-12-01
80,85,109,564,1332,2022-12-01
30,112,83,565,1333,2022-12-01
56,29,98,566,1334,2022-12-01
60,124,57,567,1335,2022-12-01
28,11,17,568,1336,2022-12-01
58,187,61,569,1337,2022-12-01
30,121,25,570,1338,2022-12-01
83,34,102,571,1339,2022-12-01
16,72,10,572,1340,2022-12-01
11,198,25,573,1341,2022-12-01
91,95,103,574,1342,2022-12-01
92,67,52,575,1343,2022-12-01
48,52,119,576,1344,2022-12-01
6,137,96,577,1345,2022-12-01
60,122,105,578,1346,2022-12-01
35,54,42,579,1347,2022-12-01
33,80,73,580,1348,2022-12-01
3,81,12,581,1349,2022-12-01
10,2,67,582,1350,2022-12-01
72,106,70,583,1351,2022-12-01
6,33,88,584,1352,2022-12-01
12,0,20,585,1353,2022-12-01
22,20,55,586,1354,2022-12-01
74,116,114,587,1355,2022-12-01
35,168,42,588,1356,2022-12-01
61,164,58,589,1357,2022-12-01
3,58,94,590,1358,2022-12-01
95,196,73,591,1359,2022-12-01
63,194,108,592,1360,2022-12-01
77,118,95,593,1361,2022-12-01
72,145,89,594,1362,2022-12-01
36,56,52,595,1363,2022-12-01
30,53,41,596,1364,2022-12-01
53,43,13,597,1365,2022-12-01
33,94,98,598,1366,2022-12-01
60,94,93,599,1367,2022-12-01
36,188,114,600,1368,2022-12-01
7,83,57,601,1369,2022-12-01
15,142,30,602,1370,2022-12-01
65,110,26,603,1371,2022-12-01
71,4,5,604,1372,2022-12-01
45,181,100,605,1373,2022-12-01
15,184,19,606,1374,2022-12-01
69,2,66,607,1375,2022-12-01
55,33,77,608,1376,2022-12-01
4,10,105,609,1377,2022-12-01
63,182,25,610,1378,2022-12-01
63,14,49,611,1379,2022-12-01
14,157,21,612,1380,2022-12-01
49,196,44,613,1381,2022-12-01
49,144,1,614,1382,2022-12-01
50,41,81,615,1383,2022-12-01
43,56,102,616,1384,2022-12-01
5,51,76,617,1385,2022-12-01
78,153,110,618,1386,2022-12-01
70,104,103,619,1387,2022-12-01
23,98,113,620,1388,2022-12-01
54,65,89,621,1389,2022-12-01
45,70,117,622,1390,2022-12-01
53,150,36,623,1391,2022-12-01
40,181,98,624,1392,2022-12-01
39,2,66,625,1393,2022-12-01
81,0,83,626,1394,2022-12-01
45,174,116,627,1395,2022-12-01
66,140,54,628,1396,2022-12-01
14,132,24,629,1397,2022-12-01
21,64,10,630,1398,2022-12-01
44,138,90,631,1399,2022-12-01
57,179,110,632,1400,2022-12-01
33,187,102,633,1401,2022-12-01
17,164,37,634,1402,2022-12-01
16,57,114,635,1403,2022-12-01
2,144,74,636,1404,2022-12-01
67,74,80,637,1405,2022-12-01
69,70,77,638,1406,2022-12-01
39,194,30,639,1407,2022-12-01
87,125,84,640,1408,2022-12-01
7,63,18,641,1409,2022-12-01
38,114,89,642,1410,2022-12-01
6,12,46,643,1411,2022-12-01
2,21,43,644,1412,2022-12-01
25,136,103,645,1413,2022-12-01
63,66,67,646,1414,2022-12-01
30,2,3,647,1415,2022-12-01
95,96,101,648,1416,2022-12-01
80,131,93,649,1417,2022-12-01
83,177,75,650,1418,2022-12-01
88,126,113,651,1419,2022-12-01
26,162,112,652,1420,2022-12-01
43,86,63,653,1421,2022-12-01
91,25,55,654,1422,2022-12-01
33,106,117,655,1423,2022-12-01
75,27,40,656,1424,2022-12-01
91,75,122,657,1425,2022-12-01
45,55,24,658,1426,2022-12-01
87,185,4,659,1427,2022-12-01
26,187,19,660,1428,2022-12-01
51,147,25,661,1429,2022-12-01
40,136,49,662,1430,2022-12-01
11,8,97,663,1431,2022-12-01
54,130,50,664,1432,2022-12-01
4,3,42,665,1433,2022-12-01
6,48,55,666,1434,2022-12-01
64,146,36,667,1435,2022-12-01
66,50,107,668,1436,2022-12-01
90,96,23,669,1437,2022-12-01
8,142,118,670,1438,2022-12-01
83,60,115,671,1439,2022-12-01
30,55,42,672,1440,2022-12-01
82,53,94,673,1441,2022-12-01
15,174,50,674,1442,2022-12-01
93,125,50,675,1443,2022-12-01
88,137,103,676,1444,2022-12-01
63,15,20,677,1445,2022-12-01
83,137,86,678,1446,2022-12-01
72,12,25,679,1447,2022-12-01
18,141,119,680,1448,2022-12-01
23,3,87,681,1449,2022-12-01
31,168,53,682,1450,2022-12-01
33,30,121,683,1451,2022-12-01
14,111,25,684,1452,2022-12-01
72,112,69,685,1453,2022-12-01
3,100,42,686,1454,2022-12-01
45,188,28,687,1455,2022-12-01
32,167,27,688,1456,2022-12-01
2,160,45,689,1457,2022-12-01
15,124,88,690,1458,2022-12-01
6,70,117,691,1459,2022-12-01
31,195,87,692,1460,2022-12-01
57,167,109,693,1461,2022-12-01
55,105,17,694,1462,2022-12-01
13,14,38,695,1463,2022-12-01
26,80,32,696,1464,2022-12-01
56,15,72,697,1465,2022-12-01
71,130,57,698,1466,2022-12-01
4,153,60,699,1467,2022-12-01
62,157,121,700,1468,2022-12-01
7,167,24,701,1469,2022-12-01
30,101,10,702,1470,2022-12-01
67,45,96,703,1471,2022-12-01
64,111,3,704,1472,2022-12-01
53,29,40,705,1473,2022-12-01
89,182,66,706,1474,2022-12-01
48,11,116,707,1475,2022-12-01
33,79,22,708,1476,2022-12-01
91,6,85,709,1477,2022-12-01
42,185,95,710,1478,2022-12-01
0,136,15,711,1479,2022-12-01
45,50,101,712,1480,2022-12-01
45,151,47,713,1481,2022-12-01
84,70,7,714,1482,2022-12-01
39,192,22,715,1483,2022-12-01
4,66,118,716,1484,2022-12-01
52,18,105,717,1485,2022-12-01
62,25,73,718,1486,2022-12-01
29,195,117,719,1487,2022-12-01
51,84,96,720,1488,2022-12-01
53,192,76,721,1489,2022-12-01
88,48,87,722,1490,2022-12-01
86,63,11,723,1491,2022-12-01
58,162,96,724,1492,2022-12-01
5,59,48,725,1493,2022-12-01
66,121,102,726,1494,2022-12-01
20,126,80,727,1495,2022-12-01
59,24,26,728,1496,2022-12-01
72,64,102,729,1497,2022-12-01
42,53,75,730,1498,2022-12-01
88,167,64,731,1499,2022-12-01
14,90,47,732,1500,2022-12-01
76,148,57,733,1501,2022-12-01
20,124,51,734,1502,2022-12-01
62,166,73,735,1503,2022-12-01
24,107,112,736,1504,2022-12-01
81,33,45,737,1505,2022-12-01
65,17,110,738,1506,2022-12-01
4,32,62,739,1507,2022-12-01
95,29,29,740,1508,2022-12-01
86,109,18,741,1509,2022-12-01
33,15,48,742,1510,2022-12-01
37,87,2,743,1511,2022-12-01
46,16,66,744,1512,2022-12-01
37,72,14,745,1513,2022-12-01
54,97,60,746,1514,2022-12-01
90,85,37,747,1515,2022-12-01
54,87,73,748,1516,2022-12-01
100,153,3,749,1517,2022-12-01
5,104,13,750,1518,2022-12-01
32,79,64,751,1519,2022-12-01
82,56,52,752,1520,2022-12-01
17,169,99,753,1521,2022-12-01
33,28,17,754,1522,2022-12-01
95,183,60,755,1523,2022-12-01
43,23,102,756,1524,2022-12-01
6,14,48,757,1525,2022-12-01
70,161,7,758,1526,2022-12-01
95,145,7,759,1527,2022-12-01
30,154,46,760,1528,2022-12-01
90,22,56,761,1529,2022-12-01
59,100,17,762,1530,2022-12-01
74,1,98,763,1531,2022-12-01
17,72,87,764,1532,2022-12-01
6,23,96,765,1533,2022-12-01
4,125,16,766,1534,2022-12-01
65,100,58,767,1535,2022-12-01
55,106,108,768,1536,2022-12-01
55,174,63,1000,1537,2022-12-13
91,189,120,1001,1538,2022-12-13
52,79,5,1002,1539,2022-12-13
55,133,98,1003,1540,2022-12-13
23,149,25,1004,1541,2022-12-13
13,6,26,1005,1542,2022-12-13
6,38,16,1006,1543,2022-12-13
10,161,96,1007,1544,2022-12-13
9,24,110,1008,1545,2022-12-13
99,174,104,1009,1546,2022-12-13
80,15,90,1010,1547,2022-12-13
5,174,121,1011,1548,2022-12-13
76,104,80,1012,1549,2022-12-13
39,86,36,1013,1550,2022-12-13
53,120,83,1014,1551,2022-12-13
89,29,31,1015,1552,2022-12-13
39,39,99,1016,1553,2022-12-13
65,4,89,1017,1554,2022-12-13
37,6,2,1018,1555,2022-12-13
72,183,25,1019,1556,2022-12-13
45,77,20,1020,1557,2022-12-13
49,110,38,1021,1558,2022-12-13
23,48,112,1022,1559,2022-12-13
12,184,14,1023,1560,2022-12-13
73,94,87,1024,1561,2022-12-13
41,132,92,1025,1562,2022-12-13
76,119,29,1026,1563,2022-12-13
6,84,105,1027,1564,2022-12-13
17,138,62,1028,1565,2022-12-13
72,5,60,1029,1566,2022-12-13
62,114,89,1030,1567,2022-12-13
98,7,20,1031,1568,2022-12-13
35,3,85,1032,1569,2022-12-13
20,182,83,1033,1570,2022-12-13
88,155,77,1034,1571,2022-12-13
96,192,71,1035,1572,2022-12-13
80,94,93,1036,1573,2022-12-13
20,67,39,1037,1574,2022-12-13
82,165,60,1038,1575,2022-12-13
11,175,106,1039,1576,2022-12-13
83,142,63,1040,1577,2022-12-13
3,147,9,1041,1578,2022-12-13
46,104,50,1042,1579,2022-12-13
11,180,79,1043,1580,2022-12-13
51,79,9,1044,1581,2022-12-13
6,173,98,1045,1582,2022-12-13
22,86,52,1046,1583,2022-12-13
64,92,25,1047,1584,2022-12-13
41,29,112,1048,1585,2022-12-13
37,153,61,1049,1586,2022-12-13
74,158,46,1050,1587,2022-12-13
91,154,50,1051,1588,2022-12-13
36,137,94,1052,1589,2022-12-13
46,169,41,1053,1590,2022-12-13
65,196,115,1054,1591,2022-12-13
27,71,89,1055,1592,2022-12-13
8,23,26,1056,1593,2022-12-13
5,31,110,1057,1594,2022-12-13
70,158,2,1058,1595,2022-12-13
89,115,62,1059,1596,2022-12-13
13,187,45,1060,1597,2022-12-13
18,192,30,1061,1598,2022-12-13
98,140,76,1062,1599,2022-12-13
71,85,35,1063,1600,2022-12-13
6,71,114,1064,1601,2022-12-13
65,85,1,1065,1602,2022-12-13
2,63,99,1066,1603,2022-12-13
97,12,16,1067,1604,2022-12-13
38,6,16,1068,1605,2022-12-13
33,60,104,1069,1606,2022-12-13
25,6,40,1070,1607,2022-12-13
86,80,62,1071,1608,2022-12-13
80,12,26,1072,1609,2022-12-13
62,35,117,1073,1610,2022-12-13
31,38,49,1074,1611,2022-12-13
16,157,9,1075,1612,2022-12-13
65,178,4,1076,1613,2022-12-13
35,68,94,1077,1614,2022-12-13
42,98,52,1078,1615,2022-12-13
7,60,25,1079,1616,2022-12-13
8,108,96,1080,1617,2022-12-13
90,16,6,1081,1618,2022-12-13
66,49,80,1082,1619,2022-12-13
13,182,21,1083,1620,2022-12-13
65,101,31,1084,1621,2022-12-13
57,75,46,1085,1622,2022-12-13
60,116,88,1086,1623,2022-12-13
99,8,81,1087,1624,2022-12-13
64,109,78,1088,1625,2022-12-13
71,143,3,1089,1626,2022-12-13
7,171,100,1090,1627,2022-12-13
8,170,101,1091,1628,2022-12-13
17,52,113,1092,1629,2022-12-13
37,177,21,1093,1630,2022-12-13
91,97,30,1094,1631,2022-12-13
81,200,106,1095,1632,2022-12-13
95,176,42,1096,1633,2022-12-13
81,198,36,1097,1634,2022-12-13
55,56,20,1098,1635,2022-12-13
76,90,43,1099,1636,2022-12-13
45,108,109,1100,1637,2022-12-13
47,195,29,1101,1638,2022-12-13
46,136,80,1102,1639,2022-12-13
2,38,89,1103,1640,2022-12-13
51,19,45,1104,1641,2022-12-13
61,41,16,1105,1642,2022-12-13
37,64,70,1106,1643,2022-12-13
30,15,20,1107,1644,2022-12-13
30,69,101,1108,1645,2022-12-13
33,170,14,1109,1646,2022-12-13
62,83,47,1110,1647,2022-12-13
15,78,111,1111,1648,2022-12-13
18,92,32,1112,1649,2022-12-13
8,163,7,1113,1650,2022-12-13
82,134,95,1114,1651,2022-12-13
43,180,79,1115,1652,2022-12-13
49,144,114,1116,1653,2022-12-13
13,34,104,1117,1654,2022-12-13
47,154,26,1118,1655,2022-12-13
61,9,68,1119,1656,2022-12-13
86,150,26,1120,1657,2022-12-13
28,35,68,1121,1658,2022-12-13
80,63,98,1122,1659,2022-12-13
61,164,97,1123,1660,2022-12-13
22,190,26,1124,1661,2022-12-13
55,138,58,1125,1662,2022-12-13
47,151,42,1126,1663,2022-12-13
31,157,74,1127,1664,2022-12-13
88,195,82,1128,1665,2022-12-13
36,118,53,1129,1666,2022-12-13
2,185,61,1130,1667,2022-12-13
47,160,112,1131,1668,2022-12-13
70,90,85,1132,1669,2022-12-13
89,79,88,1133,1670,2022-12-13
69,69,63,1134,1671,2022-12-13
38,85,60,1135,1672,2022-12-13
4,144,71,1136,1673,2022-12-13
56,19,44,1137,1674,2022-12-13
92,154,96,1138,1675,2022-12-13
41,12,97,1139,1676,2022-12-13
18,165,38,1140,1677,2022-12-13
71,4,56,1141,1678,2022-12-13
22,123,121,1142,1679,2022-12-13
34,123,46,1143,1680,2022-12-13
42,87,64,1144,1681,2022-12-13
43,73,69,1145,1682,2022-12-13
21,9,53,1146,1683,2022-12-13
94,51,54,1147,1684,2022-12-13
82,131,80,1148,1685,2022-12-13
82,79,2,1149,1686,2022-12-13
42,89,68,1150,1687,2022-12-13
60,179,88,1151,1688,2022-12-13
46,186,43,1152,1689,2022-12-13
91,42,117,1153,1690,2022-12-13
95,146,118,1154,1691,2022-12-13
42,177,66,1155,1692,2022-12-13
6,73,3,1156,1693,2022-12-13
5,155,69,1157,1694,2022-12-13
20,31,29,1158,1695,2022-12-13
58,136,15,1159,1696,2022-12-13
8,13,117,1160,1697,2022-12-13
19,2,70,1161,1698,2022-12-13
12,20,53,1162,1699,2022-12-13
25,79,15,1163,1700,2022-12-13
16,127,86,1164,1701,2022-12-13
50,146,61,1165,1702,2022-12-13
17,71,39,1166,1703,2022-12-13
51,110,52,1167,1704,2022-12-13
78,133,102,1168,1705,2022-12-13
41,90,97,1169,1706,2022-12-13
12,18,33,1170,1707,2022-12-13
23,163,42,1171,1708,2022-12-13
90,3,44,1172,1709,2022-12-13
10,194,6,1173,1710,2022-12-13
21,200,105,1174,1711,2022-12-13
30,121,47,1175,1712,2022-12-13
87,165,24,1176,1713,2022-12-13
38,155,67,1177,1714,2022-12-13
8,40,118,1178,1715,2022-12-13
32,114,93,1179,1716,2022-12-13
99,120,34,1180,1717,2022-12-13
56,132,5,1181,1718,2022-12-13
33,30,106,1182,1719,2022-12-13
12,168,66,1183,1720,2022-12-13
25,164,16,1184,1721,2022-12-13
1,128,55,1185,1722,2022-12-13
98,90,36,1186,1723,2022-12-13
63,191,47,1187,1724,2022-12-13
60,180,53,1188,1725,2022-12-13
39,117,70,1189,1726,2022-12-13
77,78,79,1190,1727,2022-12-13
66,70,3,1191,1728,2022-12-13
8,31,105,1192,1729,2022-12-13
22,109,102,1193,1730,2022-12-13
21,53,55,1194,1731,2022-12-13
46,161,97,1195,1732,2022-12-13
34,131,3,1196,1733,2022-12-13
61,146,14,1197,1734,2022-12-13
94,200,104,1198,1735,2022-12-13
59,161,26,1199,1736,2022-12-13
12,132,13,1200,1737,2022-12-13
30,115,59,1201,1738,2022-12-13
84,76,58,1202,1739,2022-12-13
95,67,64,1203,1740,2022-12-13
12,122,35,1204,1741,2022-12-13
16,86,34,1205,1742,2022-12-13
59,32,2,1206,1743,2022-12-13
14,179,89,1207,1744,2022-12-13
18,188,84,1208,1745,2022-12-13
18,189,19,1209,1746,2022-12-13
5,14,88,1210,1747,2022-12-13
98,125,43,1211,1748,2022-12-13
26,30,111,1212,1749,2022-12-13
61,95,121,1213,1750,2022-12-13
34,67,45,1214,1751,2022-12-13
57,112,32,1215,1752,2022-12-13
56,8,115,1216,1753,2022-12-13
31,146,105,1217,1754,2022-12-13
9,193,34,1218,1755,2022-12-13
78,191,103,1219,1756,2022-12-13
86,37,116,1220,1757,2022-12-13
87,24,29,1221,1758,2022-12-13
5,142,88,1222,1759,2022-12-13
89,99,103,1223,1760,2022-12-13
10,166,1,1224,1761,2022-12-13
74,127,70,1225,1762,2022-12-13
83,90,48,1226,1763,2022-12-13
38,59,74,1227,1764,2022-12-13
83,130,89,1228,1765,2022-12-13
76,197,57,1229,1766,2022-12-13
99,58,56,1230,1767,2022-12-13
6,193,24,1231,1768,2022-12-13
59,77,114,1232,1769,2022-12-13
13,121,112,1233,1770,2022-12-13
31,90,10,1234,1771,2022-12-13
