patientid,measurement_date_1,measurement_date_2,insulin_1,insulin_2,glucose_1,glucose_2,bloodpressure_1,bloodpressure_2
1,2022-12-01,2022-12-13,80,0,172,148,117,72
2,2022-12-01,2022-12-13,80,0,54,85,93,66
3,2022-12-01,2022-12-13,1,0,168,183,100,64
4,2022-12-01,2022-12-13,26,94,53,89,39,66
5,2022-12-01,2022-12-13,54,168,184,137,116,40
6,2022-12-01,2022-12-13,10,0,112,116,39,74
7,2022-12-01,2022-12-13,53,88,116,78,119,50
8,2022-12-01,2022-12-13,14,0,101,115,39,0
9,2022-12-01,2022-12-13,95,543,77,197,14,70
10,2022-12-01,2022-12-13,91,0,43,125,26,96
11,2022-12-01,2022-12-13,1,0,196,110,22,92
12,2022-12-01,2022-12-13,42,0,117,168,72,74
13,2022-12-01,2022-12-13,88,0,193,139,99,80
14,2022-12-01,2022-12-13,22,846,36,189,42,60
15,2022-12-01,2022-12-13,57,175,44,166,57,72
16,2022-12-01,2022-12-13,86,0,171,100,114,0
17,2022-12-01,2022-12-13,77,230,145,118,14,84
18,2022-12-01,2022-12-13,83,0,30,107,35,74
19,2022-12-01,2022-12-13,50,83,162,103,25,30
20,2022-12-01,2022-12-13,40,96,60,115,49,70
21,2022-12-01,2022-12-13,6,235,140,126,91,88
22,2022-12-01,2022-12-13,28,0,105,99,31,84
23,2022-12-01,2022-12-13,46,0,102,196,10,90
24,2022-12-01,2022-12-13,91,0,147,119,29,80
25,2022-12-01,2022-12-13,30,146,88,143,108,94
26,2022-12-01,2022-12-13,91,115,2,125,77,70
27,2022-12-01,2022-12-13,55,0,92,147,50,76
28,2022-12-01,2022-12-13,19,140,95,97,92,66
29,2022-12-01,2022-12-13,54,110,165,145,15,82
30,2022-12-01,2022-12-13,84,0,189,117,24,92
31,2022-12-01,2022-12-13,15,0,143,109,4,75
32,2022-12-01,2022-12-13,82,245,105,158,56,76
33,2022-12-01,2022-12-13,62,54,161,88,4,58
34,2022-12-01,2022-12-13,59,0,113,92,19,92
35,2022-12-01,2022-12-13,98,0,41,122,108,78
36,2022-12-01,2022-12-13,85,192,192,103,51,60
37,2022-12-01,2022-12-13,79,0,91,138,12,76
38,2022-12-01,2022-12-13,84,0,137,102,62,76
39,2022-12-01,2022-12-13,48,0,113,90,12,68
40,2022-12-01,2022-12-13,32,207,91,111,4,72
41,2022-12-01,2022-12-13,73,70,17,180,122,64
42,2022-12-01,2022-12-13,73,0,98,133,28,84
43,2022-12-01,2022-12-13,93,0,113,106,19,92
44,2022-12-01,2022-12-13,20,240,68,171,58,110
45,2022-12-01,2022-12-13,30,0,154,159,68,64
46,2022-12-01,2022-12-13,75,0,6,180,93,66
47,2022-12-01,2022-12-13,6,0,190,146,113,56
48,2022-12-01,2022-12-13,68,0,125,71,100,70
49,2022-12-01,2022-12-13,16,0,38,103,36,66
50,2022-12-01,2022-12-13,4,0,161,105,83,0
51,2022-12-01,2022-12-13,6,82,57,103,65,80
52,2022-12-01,2022-12-13,83,36,191,101,37,50
53,2022-12-01,2022-12-13,9,23,24,88,111,66
54,2022-12-01,2022-12-13,18,300,85,176,55,90
55,2022-12-01,2022-12-13,22,342,106,150,9,66
56,2022-12-01,2022-12-13,26,0,145,73,77,50
57,2022-12-01,2022-12-13,83,304,21,187,13,68
58,2022-12-01,2022-12-13,41,110,171,100,106,88
59,2022-12-01,2022-12-13,35,0,193,146,50,82
60,2022-12-01,2022-12-13,98,142,191,105,76,64
61,2022-12-01,2022-12-13,57,0,147,84,55,0
62,2022-12-01,2022-12-13,1,0,153,133,122,72
63,2022-12-01,2022-12-13,24,0,38,44,45,62
64,2022-12-01,2022-12-13,91,128,120,141,84,58
65,2022-12-01,2022-12-13,69,0,94,114,108,66
66,2022-12-01,2022-12-13,4,0,79,99,121,74
67,2022-12-01,2022-12-13,16,0,131,109,36,88
68,2022-12-01,2022-12-13,43,0,185,109,115,92
69,2022-12-01,2022-12-13,25,38,61,95,118,66
70,2022-12-01,2022-12-13,93,100,139,146,72,85
71,2022-12-01,2022-12-13,63,90,150,100,95,66
72,2022-12-01,2022-12-13,56,140,119,139,97,64
73,2022-12-01,2022-12-13,64,0,90,126,103,90
74,2022-12-01,2022-12-13,42,270,119,129,98,86
75,2022-12-01,2022-12-13,80,0,176,79,74,75
76,2022-12-01,2022-12-13,55,0,86,0,96,48
77,2022-12-01,2022-12-13,31,0,91,62,42,78
78,2022-12-01,2022-12-13,10,0,187,95,28,72
79,2022-12-01,2022-12-13,96,0,35,131,58,0
80,2022-12-01,2022-12-13,66,0,162,112,70,66
81,2022-12-01,2022-12-13,83,0,183,113,118,44
82,2022-12-01,2022-12-13,92,0,8,74,108,0
83,2022-12-01,2022-12-13,77,71,162,83,81,78
84,2022-12-01,2022-12-13,60,0,199,101,60,65
85,2022-12-01,2022-12-13,44,0,111,137,65,108
86,2022-12-01,2022-12-13,54,125,69,110,69,74
87,2022-12-01,2022-12-13,71,0,148,106,82,72
88,2022-12-01,2022-12-13,1,71,122,100,33,68
89,2022-12-01,2022-12-13,67,110,41,136,2,70
90,2022-12-01,2022-12-13,58,0,21,107,9,68
91,2022-12-01,2022-12-13,39,0,40,80,6,55
92,2022-12-01,2022-12-13,45,176,23,123,2,80
93,2022-12-01,2022-12-13,58,48,42,81,57,78
94,2022-12-01,2022-12-13,56,0,103,134,109,72
95,2022-12-01,2022-12-13,82,64,199,142,118,82
96,2022-12-01,2022-12-13,13,228,31,144,61,72
97,2022-12-01,2022-12-13,71,0,117,92,16,62
98,2022-12-01,2022-12-13,19,76,64,71,60,48
99,2022-12-01,2022-12-13,46,64,112,93,48,50
100,2022-12-01,2022-12-13,7,220,111,122,49,90
101,2022-12-01,2022-12-13,96,0,76,163,90,72
102,2022-12-01,2022-12-13,46,0,33,151,27,60
103,2022-12-01,2022-12-13,92,0,89,125,104,96
104,2022-12-01,2022-12-13,6,40,144,81,54,72
105,2022-12-01,2022-12-13,98,0,197,85,99,65
106,2022-12-01,2022-12-13,8,152,74,126,62,56
107,2022-12-01,2022-12-13,57,0,118,96,118,122
108,2022-12-01,2022-12-13,34,140,162,144,107,58
109,2022-12-01,2022-12-13,70,18,43,83,68,58
110,2022-12-01,2022-12-13,63,36,168,95,33,85
111,2022-12-01,2022-12-13,96,135,169,171,25,72
112,2022-12-01,2022-12-13,79,495,17,155,62,62
113,2022-12-01,2022-12-13,59,37,169,89,86,76
114,2022-12-01,2022-12-13,42,0,150,76,113,62
115,2022-12-01,2022-12-13,39,175,123,160,41,54
116,2022-12-01,2022-12-13,15,0,118,146,40,92
117,2022-12-01,2022-12-13,6,0,86,124,1,74
118,2022-12-01,2022-12-13,5,0,154,78,1,48
119,2022-12-01,2022-12-13,65,0,142,97,46,60
120,2022-12-01,2022-12-13,96,51,179,99,17,76
121,2022-12-01,2022-12-13,14,100,39,162,41,76
122,2022-12-01,2022-12-13,72,0,11,111,77,64
123,2022-12-01,2022-12-13,41,100,162,107,95,74
124,2022-12-01,2022-12-13,21,0,44,132,11,80
125,2022-12-01,2022-12-13,10,0,65,113,107,76
126,2022-12-01,2022-12-13,72,99,149,88,55,30
127,2022-12-01,2022-12-13,38,135,91,120,66,70
128,2022-12-01,2022-12-13,27,94,181,118,107,58
129,2022-12-01,2022-12-13,64,145,175,117,100,88
130,2022-12-01,2022-12-13,35,0,7,105,36,84
131,2022-12-01,2022-12-13,76,168,102,173,80,70
132,2022-12-01,2022-12-13,38,0,78,122,47,56
133,2022-12-01,2022-12-13,44,225,130,170,32,64
134,2022-12-01,2022-12-13,16,0,95,84,27,74
135,2022-12-01,2022-12-13,26,49,178,96,90,68
136,2022-12-01,2022-12-13,54,140,172,125,106,60
137,2022-12-01,2022-12-13,11,50,8,100,99,70
138,2022-12-01,2022-12-13,49,92,113,93,100,60
139,2022-12-01,2022-12-13,37,0,129,129,78,80
140,2022-12-01,2022-12-13,29,325,15,105,54,72
141,2022-12-01,2022-12-13,33,0,165,128,95,78
142,2022-12-01,2022-12-13,29,0,103,106,19,82
143,2022-12-01,2022-12-13,70,63,39,108,32,52
144,2022-12-01,2022-12-13,31,0,87,108,47,66
145,2022-12-01,2022-12-13,32,284,33,154,50,62
146,2022-12-01,2022-12-13,62,0,164,102,65,75
147,2022-12-01,2022-12-13,43,0,93,57,116,80
148,2022-12-01,2022-12-13,31,119,89,106,87,64
149,2022-12-01,2022-12-13,13,0,62,147,83,78
150,2022-12-01,2022-12-13,19,0,120,90,69,70
151,2022-12-01,2022-12-13,55,204,150,136,26,74
152,2022-12-01,2022-12-13,89,0,158,114,74,65
153,2022-12-01,2022-12-13,42,155,55,156,19,86
154,2022-12-01,2022-12-13,13,485,152,153,81,82
155,2022-12-01,2022-12-13,2,0,40,188,46,78
156,2022-12-01,2022-12-13,14,0,81,152,104,88
157,2022-12-01,2022-12-13,75,94,108,99,25,52
158,2022-12-01,2022-12-13,38,135,148,109,19,56
159,2022-12-01,2022-12-13,60,53,11,88,90,74
160,2022-12-01,2022-12-13,18,114,92,163,102,72
161,2022-12-01,2022-12-13,49,0,23,151,48,90
162,2022-12-01,2022-12-13,82,105,39,102,14,74
163,2022-12-01,2022-12-13,87,285,20,114,22,80
164,2022-12-01,2022-12-13,2,0,161,100,9,64
165,2022-12-01,2022-12-13,30,0,37,131,27,88
166,2022-12-01,2022-12-13,86,156,196,104,16,74
167,2022-12-01,2022-12-13,69,0,196,148,44,66
168,2022-12-01,2022-12-13,71,0,181,120,108,68
169,2022-12-01,2022-12-13,27,0,3,110,112,66
170,2022-12-01,2022-12-13,36,78,91,111,25,90
171,2022-12-01,2022-12-13,82,0,98,102,48,82
172,2022-12-01,2022-12-13,51,130,156,134,83,70
173,2022-12-01,2022-12-13,97,0,88,87,4,0
174,2022-12-01,2022-12-13,5,48,91,79,34,60
175,2022-12-01,2022-12-13,76,55,30,75,42,64
176,2022-12-01,2022-12-13,27,130,108,179,106,72
177,2022-12-01,2022-12-13,44,0,29,85,72,78
178,2022-12-01,2022-12-13,63,130,142,129,71,110
179,2022-12-01,2022-12-13,87,0,188,143,52,78
180,2022-12-01,2022-12-13,11,0,48,130,120,82
181,2022-12-01,2022-12-13,32,0,70,87,19,80
182,2022-12-01,2022-12-13,20,92,116,119,106,64
183,2022-12-01,2022-12-13,90,23,6,0,5,74
184,2022-12-01,2022-12-13,97,0,44,73,112,60
185,2022-12-01,2022-12-13,30,0,22,141,77,74
186,2022-12-01,2022-12-13,78,0,176,194,77,68
187,2022-12-01,2022-12-13,77,495,97,181,18,68
188,2022-12-01,2022-12-13,95,58,126,128,96,98
189,2022-12-01,2022-12-13,8,114,112,109,6,76
190,2022-12-01,2022-12-13,27,160,13,139,53,80
191,2022-12-01,2022-12-13,23,0,70,111,59,62
192,2022-12-01,2022-12-13,94,94,11,123,79,70
193,2022-12-01,2022-12-13,24,0,16,159,31,66
194,2022-12-01,2022-12-13,38,0,142,135,42,0
195,2022-12-01,2022-12-13,90,0,24,85,109,55
196,2022-12-01,2022-12-13,24,210,199,158,96,84
197,2022-12-01,2022-12-13,94,0,63,105,48,58
198,2022-12-01,2022-12-13,38,48,97,107,116,62
199,2022-12-01,2022-12-13,48,99,23,109,76,64
200,2022-12-01,2022-12-13,14,318,189,148,98,60
201,2022-12-01,2022-12-13,26,0,189,113,28,80
202,2022-12-01,2022-12-13,82,0,146,138,74,82
203,2022-12-01,2022-12-13,67,0,24,108,33,68
204,2022-12-01,2022-12-13,39,44,175,99,96,70
205,2022-12-01,2022-12-13,4,190,176,103,120,72
206,2022-12-01,2022-12-13,20,0,200,111,7,72
207,2022-12-01,2022-12-13,31,280,34,196,84,76
208,2022-12-01,2022-12-13,70,0,136,162,117,104
209,2022-12-01,2022-12-13,18,87,117,96,13,64
210,2022-12-01,2022-12-13,14,0,48,184,36,84
211,2022-12-01,2022-12-13,1,0,177,81,77,60
212,2022-12-01,2022-12-13,48,0,197,147,53,85
213,2022-12-01,2022-12-13,71,0,105,179,39,95
214,2022-12-01,2022-12-13,36,130,143,140,100,65
215,2022-12-01,2022-12-13,98,175,104,112,27,82
216,2022-12-01,2022-12-13,30,271,64,151,28,70
217,2022-12-01,2022-12-13,73,129,125,109,115,62
218,2022-12-01,2022-12-13,1,120,101,125,15,68
219,2022-12-01,2022-12-13,25,0,190,85,55,74
220,2022-12-01,2022-12-13,89,0,98,112,75,66
221,2022-12-01,2022-12-13,6,478,90,177,0,60
222,2022-12-01,2022-12-13,80,0,20,158,107,90
223,2022-12-01,2022-12-13,51,0,24,119,66,0
224,2022-12-01,2022-12-13,41,190,106,142,110,60
225,2022-12-01,2022-12-13,31,56,191,100,56,66
226,2022-12-01,2022-12-13,26,32,170,87,21,78
227,2022-12-01,2022-12-13,53,0,123,101,120,76
228,2022-12-01,2022-12-13,5,0,130,162,121,52
229,2022-12-01,2022-12-13,67,744,77,197,47,70
230,2022-12-01,2022-12-13,58,53,109,117,78,80
231,2022-12-01,2022-12-13,55,0,128,142,21,86
232,2022-12-01,2022-12-13,71,370,156,134,18,80
233,2022-12-01,2022-12-13,67,37,177,79,100,80
234,2022-12-01,2022-12-13,67,0,35,122,103,68
235,2022-12-01,2022-12-13,28,45,71,74,76,68
236,2022-12-01,2022-12-13,55,0,155,171,39,72
237,2022-12-01,2022-12-13,66,192,191,181,56,84
238,2022-12-01,2022-12-13,13,0,28,179,115,90
239,2022-12-01,2022-12-13,12,0,11,164,10,84
240,2022-12-01,2022-12-13,97,0,145,104,4,76
241,2022-12-01,2022-12-13,13,0,111,91,81,64
242,2022-12-01,2022-12-13,6,88,193,91,84,70
243,2022-12-01,2022-12-13,10,0,108,139,82,54
244,2022-12-01,2022-12-13,21,176,184,119,20,50
245,2022-12-01,2022-12-13,11,194,68,146,90,76
246,2022-12-01,2022-12-13,7,0,68,184,61,85
247,2022-12-01,2022-12-13,80,0,60,122,22,68
248,2022-12-01,2022-12-13,79,680,169,165,47,90
249,2022-12-01,2022-12-13,51,402,64,124,120,70
250,2022-12-01,2022-12-13,67,0,105,111,18,86
251,2022-12-01,2022-12-13,72,0,115,106,11,52
252,2022-12-01,2022-12-13,17,0,78,129,77,84
253,2022-12-01,2022-12-13,69,55,98,90,99,80
254,2022-12-01,2022-12-13,5,0,5,86,42,68
255,2022-12-01,2022-12-13,51,258,49,92,100,62
256,2022-12-01,2022-12-13,73,0,31,113,102,64
257,2022-12-01,2022-12-13,14,0,138,111,122,56
258,2022-12-01,2022-12-13,86,0,157,114,96,68
259,2022-12-01,2022-12-13,73,375,85,193,1,50
260,2022-12-01,2022-12-13,39,150,182,155,32,76
261,2022-12-01,2022-12-13,96,130,143,191,65,68
262,2022-12-01,2022-12-13,83,0,23,141,89,0
263,2022-12-01,2022-12-13,76,0,74,95,82,70
264,2022-12-01,2022-12-13,42,0,16,142,5,80
265,2022-12-01,2022-12-13,95,0,115,123,3,62
266,2022-12-01,2022-12-13,82,67,115,96,40,74
267,2022-12-01,2022-12-13,27,0,188,138,83,0
268,2022-12-01,2022-12-13,11,0,101,128,106,64
269,2022-12-01,2022-12-13,69,0,50,102,7,52
270,2022-12-01,2022-12-13,90,0,110,146,119,0
271,2022-12-01,2022-12-13,18,0,50,101,54,86
272,2022-12-01,2022-12-13,71,56,127,108,99,62
273,2022-12-01,2022-12-13,69,0,148,122,95,78
274,2022-12-01,2022-12-13,76,45,147,71,94,78
275,2022-12-01,2022-12-13,99,0,160,106,86,70
276,2022-12-01,2022-12-13,78,57,74,100,66,70
277,2022-12-01,2022-12-13,2,0,68,106,102,60
278,2022-12-01,2022-12-13,20,116,45,104,113,64
279,2022-12-01,2022-12-13,63,0,137,114,49,74
280,2022-12-01,2022-12-13,20,278,198,108,32,62
281,2022-12-01,2022-12-13,74,0,144,146,33,70
282,2022-12-01,2022-12-13,22,122,199,129,87,76
283,2022-12-01,2022-12-13,87,155,14,133,120,88
284,2022-12-01,2022-12-13,57,0,112,161,13,86
285,2022-12-01,2022-12-13,23,0,63,108,18,80
286,2022-12-01,2022-12-13,45,135,153,136,43,74
287,2022-12-01,2022-12-13,4,545,157,155,4,84
288,2022-12-01,2022-12-13,13,220,149,119,54,86
289,2022-12-01,2022-12-13,34,49,154,96,27,56
290,2022-12-01,2022-12-13,81,75,6,108,115,72
291,2022-12-01,2022-12-13,38,40,115,78,26,88
292,2022-12-01,2022-12-13,95,74,2,107,85,62
293,2022-12-01,2022-12-13,13,182,21,128,28,78
294,2022-12-01,2022-12-13,62,194,5,128,86,48
295,2022-12-01,2022-12-13,56,0,147,161,38,50
296,2022-12-01,2022-12-13,96,120,152,151,92,62
297,2022-12-01,2022-12-13,7,360,193,146,104,70
298,2022-12-01,2022-12-13,42,215,86,126,86,84
299,2022-12-01,2022-12-13,17,184,186,100,31,78
300,2022-12-01,2022-12-13,2,0,99,112,79,72
301,2022-12-01,2022-12-13,11,0,187,167,5,0
302,2022-12-01,2022-12-13,34,135,64,144,46,58
303,2022-12-01,2022-12-13,67,42,24,77,37,82
304,2022-12-01,2022-12-13,97,0,10,115,121,98
305,2022-12-01,2022-12-13,80,0,6,150,62,76
306,2022-12-01,2022-12-13,38,105,176,120,4,76
307,2022-12-01,2022-12-13,62,132,26,161,80,68
308,2022-12-01,2022-12-13,42,148,23,137,121,68
309,2022-12-01,2022-12-13,96,180,9,128,46,68
310,2022-12-01,2022-12-13,20,205,58,124,39,68
311,2022-12-01,2022-12-13,62,0,148,80,29,66
312,2022-12-01,2022-12-13,62,148,30,106,115,70
313,2022-12-01,2022-12-13,44,96,66,155,81,74
314,2022-12-01,2022-12-13,35,85,12,113,112,50
315,2022-12-01,2022-12-13,0,0,194,109,85,80
316,2022-12-01,2022-12-13,77,94,95,112,44,68
317,2022-12-01,2022-12-13,64,64,154,99,71,80
318,2022-12-01,2022-12-13,59,0,75,182,41,74
319,2022-12-01,2022-12-13,42,140,160,115,6,66
320,2022-12-01,2022-12-13,63,0,108,194,104,78
321,2022-12-01,2022-12-13,92,231,194,129,103,60
322,2022-12-01,2022-12-13,97,0,54,112,81,74
323,2022-12-01,2022-12-13,37,0,23,124,74,70
324,2022-12-01,2022-12-13,93,29,44,152,46,90
325,2022-12-01,2022-12-13,10,0,107,112,49,75
326,2022-12-01,2022-12-13,61,168,159,157,62,72
327,2022-12-01,2022-12-13,53,156,199,122,110,64
328,2022-12-01,2022-12-13,43,0,199,179,111,70
329,2022-12-01,2022-12-13,1,120,8,102,101,86
330,2022-12-01,2022-12-13,30,68,187,105,108,70
331,2022-12-01,2022-12-13,19,0,167,118,119,72
332,2022-12-01,2022-12-13,71,52,92,87,40,58
333,2022-12-01,2022-12-13,31,0,21,180,26,0
334,2022-12-01,2022-12-13,1,0,176,106,99,80
335,2022-12-01,2022-12-13,57,58,132,95,119,60
336,2022-12-01,2022-12-13,83,255,77,165,99,76
337,2022-12-01,2022-12-13,55,0,156,117,78,0
338,2022-12-01,2022-12-13,79,0,109,115,71,76
339,2022-12-01,2022-12-13,58,171,137,152,57,78
340,2022-12-01,2022-12-13,9,0,140,178,55,84
341,2022-12-01,2022-12-13,52,105,150,130,86,70
342,2022-12-01,2022-12-13,56,73,75,95,38,74
343,2022-12-01,2022-12-13,11,0,122,0,29,68
344,2022-12-01,2022-12-13,89,0,19,122,35,86
345,2022-12-01,2022-12-13,88,0,137,95,23,72
346,2022-12-01,2022-12-13,52,108,167,126,24,88
347,2022-12-01,2022-12-13,40,83,47,139,40,46
348,2022-12-01,2022-12-13,80,0,23,116,104,0
349,2022-12-01,2022-12-13,62,74,9,99,30,62
350,2022-12-01,2022-12-13,65,0,79,0,16,80
351,2022-12-01,2022-12-13,92,0,80,92,69,80
352,2022-12-01,2022-12-13,19,0,88,137,69,84
353,2022-12-01,2022-12-13,10,0,101,61,10,82
354,2022-12-01,2022-12-13,71,43,13,90,43,62
355,2022-12-01,2022-12-13,55,0,168,90,18,78
356,2022-12-01,2022-12-13,51,0,97,165,28,88
357,2022-12-01,2022-12-13,65,167,89,125,61,50
358,2022-12-01,2022-12-13,75,0,54,129,94,0
359,2022-12-01,2022-12-13,26,54,16,88,20,74
360,2022-12-01,2022-12-13,98,249,89,196,102,76
361,2022-12-01,2022-12-13,80,325,92,189,99,64
362,2022-12-01,2022-12-13,5,0,139,158,106,70
363,2022-12-01,2022-12-13,87,0,15,103,77,108
364,2022-12-01,2022-12-13,79,0,185,146,100,78
365,2022-12-01,2022-12-13,81,293,13,147,30,74
366,2022-12-01,2022-12-13,52,83,132,99,69,54
367,2022-12-01,2022-12-13,62,0,50,124,72,72
368,2022-12-01,2022-12-13,35,0,7,101,28,64
369,2022-12-01,2022-12-13,9,66,53,81,80,86
370,2022-12-01,2022-12-13,59,140,138,133,86,102
371,2022-12-01,2022-12-13,36,465,9,173,24,82
372,2022-12-01,2022-12-13,70,89,63,118,3,64
373,2022-12-01,2022-12-13,68,66,139,84,45,64
374,2022-12-01,2022-12-13,99,94,129,105,69,58
375,2022-12-01,2022-12-13,0,158,44,122,26,52
376,2022-12-01,2022-12-13,66,325,20,140,55,82
377,2022-12-01,2022-12-13,18,84,195,98,90,82
378,2022-12-01,2022-12-13,1,75,175,87,32,60
379,2022-12-01,2022-12-13,14,0,180,156,22,75
380,2022-12-01,2022-12-13,26,72,115,93,114,100
381,2022-12-01,2022-12-13,81,82,112,107,80,72
382,2022-12-01,2022-12-13,13,0,134,105,45,68
383,2022-12-01,2022-12-13,1,182,98,109,60,60
384,2022-12-01,2022-12-13,59,59,3,90,105,62
385,2022-12-01,2022-12-13,20,110,31,125,50,70
386,2022-12-01,2022-12-13,1,50,193,119,118,54
387,2022-12-01,2022-12-13,20,0,86,116,89,74
388,2022-12-01,2022-12-13,28,0,60,105,108,100
389,2022-12-01,2022-12-13,70,285,36,144,61,82
390,2022-12-01,2022-12-13,100,81,118,100,28,68
391,2022-12-01,2022-12-13,6,196,102,100,76,66
392,2022-12-01,2022-12-13,54,0,25,166,75,76
393,2022-12-01,2022-12-13,49,415,103,131,40,64
394,2022-12-01,2022-12-13,37,87,153,116,8,72
395,2022-12-01,2022-12-13,8,0,42,158,16,78
396,2022-12-01,2022-12-13,9,275,165,127,43,58
397,2022-12-01,2022-12-13,76,115,35,96,105,56
398,2022-12-01,2022-12-13,87,0,187,131,51,66
399,2022-12-01,2022-12-13,86,0,160,82,88,70
400,2022-12-01,2022-12-13,98,0,15,193,4,70
401,2022-12-01,2022-12-13,38,0,165,95,13,64
402,2022-12-01,2022-12-13,77,0,33,137,122,61
403,2022-12-01,2022-12-13,83,88,24,136,84,84
404,2022-12-01,2022-12-13,20,0,114,72,52,78
405,2022-12-01,2022-12-13,92,0,25,168,55,64
406,2022-12-01,2022-12-13,95,165,198,123,42,48
407,2022-12-01,2022-12-13,71,0,160,115,105,72
408,2022-12-01,2022-12-13,32,0,87,101,100,62
409,2022-12-01,2022-12-13,47,0,141,197,115,74
410,2022-12-01,2022-12-13,92,579,122,172,5,68
411,2022-12-01,2022-12-13,2,0,56,102,100,90
412,2022-12-01,2022-12-13,69,176,114,112,82,72
413,2022-12-01,2022-12-13,62,310,22,143,22,84
414,2022-12-01,2022-12-13,6,61,24,143,12,74
415,2022-12-01,2022-12-13,20,167,151,138,84,60
416,2022-12-01,2022-12-13,86,474,160,173,11,84
417,2022-12-01,2022-12-13,15,0,164,97,51,68
418,2022-12-01,2022-12-13,97,0,109,144,83,82
419,2022-12-01,2022-12-13,29,0,106,83,42,68
420,2022-12-01,2022-12-13,28,115,71,129,2,64
421,2022-12-01,2022-12-13,7,170,7,119,67,88
422,2022-12-01,2022-12-13,96,76,0,94,104,68
423,2022-12-01,2022-12-13,11,78,185,102,82,64
424,2022-12-01,2022-12-13,38,0,91,115,30,64
425,2022-12-01,2022-12-13,53,210,182,151,108,78
426,2022-12-01,2022-12-13,10,277,81,184,52,78
427,2022-12-01,2022-12-13,68,0,92,94,56,0
428,2022-12-01,2022-12-13,78,180,150,181,49,64
429,2022-12-01,2022-12-13,0,145,133,135,64,94
430,2022-12-01,2022-12-13,13,180,76,95,63,82
431,2022-12-01,2022-12-13,61,0,185,99,6,0
432,2022-12-01,2022-12-13,15,85,7,89,75,74
433,2022-12-01,2022-12-13,24,60,41,80,107,74
434,2022-12-01,2022-12-13,37,0,108,139,110,75
435,2022-12-01,2022-12-13,31,0,147,90,12,68
436,2022-12-01,2022-12-13,92,0,165,141,73,0
437,2022-12-01,2022-12-13,60,0,148,140,38,85
438,2022-12-01,2022-12-13,87,0,21,147,64,75
439,2022-12-01,2022-12-13,30,0,153,97,15,70
440,2022-12-01,2022-12-13,53,0,174,107,101,88
441,2022-12-01,2022-12-13,45,0,191,189,93,104
442,2022-12-01,2022-12-13,66,50,68,83,49,66
443,2022-12-01,2022-12-13,3,120,33,117,107,64
444,2022-12-01,2022-12-13,62,0,56,108,31,70
445,2022-12-01,2022-12-13,20,0,147,117,92,62
446,2022-12-01,2022-12-13,51,14,190,180,42,78
447,2022-12-01,2022-12-13,85,70,75,100,46,72
448,2022-12-01,2022-12-13,49,92,84,95,27,80
449,2022-12-01,2022-12-13,99,64,3,104,35,64
450,2022-12-01,2022-12-13,18,63,153,120,64,74
451,2022-12-01,2022-12-13,33,95,37,82,112,64
452,2022-12-01,2022-12-13,10,0,79,134,79,70
453,2022-12-01,2022-12-13,38,210,94,91,68,68
454,2022-12-01,2022-12-13,15,0,196,119,12,0
455,2022-12-01,2022-12-13,44,105,139,100,29,54
456,2022-12-01,2022-12-13,96,0,2,175,60,62
457,2022-12-01,2022-12-13,20,0,169,135,93,54
458,2022-12-01,2022-12-13,55,71,28,86,115,68
459,2022-12-01,2022-12-13,63,237,198,148,35,84
460,2022-12-01,2022-12-13,76,60,55,134,119,74
461,2022-12-01,2022-12-13,88,56,194,120,120,72
462,2022-12-01,2022-12-13,0,0,171,71,102,62
463,2022-12-01,2022-12-13,98,49,114,74,59,70
464,2022-12-01,2022-12-13,57,0,49,88,84,78
465,2022-12-01,2022-12-13,32,0,117,115,89,98
466,2022-12-01,2022-12-13,87,105,193,124,107,56
467,2022-12-01,2022-12-13,91,36,73,74,118,52
468,2022-12-01,2022-12-13,81,100,97,97,7,64
469,2022-12-01,2022-12-13,6,0,196,120,120,0
470,2022-12-01,2022-12-13,76,140,115,154,72,78
471,2022-12-01,2022-12-13,19,0,96,144,13,82
472,2022-12-01,2022-12-13,73,0,106,137,22,70
473,2022-12-01,2022-12-13,50,0,136,119,47,66
474,2022-12-01,2022-12-13,39,0,44,136,106,90
475,2022-12-01,2022-12-13,82,0,121,114,37,64
476,2022-12-01,2022-12-13,85,0,13,137,62,84
477,2022-12-01,2022-12-13,9,191,175,105,28,80
478,2022-12-01,2022-12-13,70,110,168,114,101,76
479,2022-12-01,2022-12-13,46,75,189,126,110,74
480,2022-12-01,2022-12-13,1,0,199,132,15,86
481,2022-12-01,2022-12-13,10,328,161,158,47,70
482,2022-12-01,2022-12-13,33,0,63,123,71,88
483,2022-12-01,2022-12-13,2,49,48,85,48,58
484,2022-12-01,2022-12-13,58,125,162,84,113,82
485,2022-12-01,2022-12-13,27,0,177,145,50,0
486,2022-12-01,2022-12-13,26,250,42,135,115,68
487,2022-12-01,2022-12-13,21,480,29,139,84,62
488,2022-12-01,2022-12-13,46,265,87,173,110,78
489,2022-12-01,2022-12-13,40,0,183,99,98,72
490,2022-12-01,2022-12-13,45,0,115,194,7,80
491,2022-12-01,2022-12-13,82,66,102,83,80,65
492,2022-12-01,2022-12-13,12,0,189,89,90,90
493,2022-12-01,2022-12-13,51,0,11,99,37,68
494,2022-12-01,2022-12-13,87,122,169,125,85,70
495,2022-12-01,2022-12-13,81,0,125,80,44,0
496,2022-12-01,2022-12-13,53,0,36,166,68,74
497,2022-12-01,2022-12-13,31,0,160,110,98,68
498,2022-12-01,2022-12-13,56,76,152,81,115,72
499,2022-12-01,2022-12-13,45,145,102,195,21,70
500,2022-12-01,2022-12-13,91,193,155,154,61,74
501,2022-12-01,2022-12-13,9,71,150,117,3,90
502,2022-12-01,2022-12-13,54,0,116,84,117,72
503,2022-12-01,2022-12-13,1,0,60,0,88,68
504,2022-12-01,2022-12-13,7,79,142,94,2,64
505,2022-12-01,2022-12-13,6,0,120,96,95,78
506,2022-12-01,2022-12-13,96,0,155,75,5,82
507,2022-12-01,2022-12-13,79,90,134,180,43,90
508,2022-12-01,2022-12-13,40,170,109,130,6,60
509,2022-12-01,2022-12-13,1,76,56,84,104,50
510,2022-12-01,2022-12-13,25,0,118,120,79,78
511,2022-12-01,2022-12-13,95,0,27,84,26,72
512,2022-12-01,2022-12-13,49,210,72,139,26,62
513,2022-12-01,2022-12-13,32,0,136,91,53,68
514,2022-12-01,2022-12-13,80,0,53,91,16,62
515,2022-12-01,2022-12-13,36,86,18,99,64,54
516,2022-12-01,2022-12-13,49,105,99,163,107,70
517,2022-12-01,2022-12-13,86,165,122,145,28,88
518,2022-12-01,2022-12-13,94,0,178,125,6,86
519,2022-12-01,2022-12-13,97,0,177,76,31,60
520,2022-12-01,2022-12-13,60,326,0,129,55,90
521,2022-12-01,2022-12-13,46,66,72,68,87,70
522,2022-12-01,2022-12-13,21,130,98,124,57,80
523,2022-12-01,2022-12-13,21,0,130,114,24,0
524,2022-12-01,2022-12-13,100,0,64,130,62,70
525,2022-12-01,2022-12-13,99,0,52,125,94,58
526,2022-12-01,2022-12-13,70,0,35,87,104,60
527,2022-12-01,2022-12-13,18,82,197,97,17,64
528,2022-12-01,2022-12-13,89,105,85,116,54,74
529,2022-12-01,2022-12-13,2,188,49,117,49,66
530,2022-12-01,2022-12-13,60,0,22,111,104,65
531,2022-12-01,2022-12-13,65,106,52,122,48,60
532,2022-12-01,2022-12-13,71,0,105,107,8,76
533,2022-12-01,2022-12-13,3,65,195,86,7,66
534,2022-12-01,2022-12-13,66,0,134,91,51,0
535,2022-12-01,2022-12-13,0,56,102,77,108,56
536,2022-12-01,2022-12-13,52,0,25,132,58,0
537,2022-12-01,2022-12-13,74,0,28,105,66,90
538,2022-12-01,2022-12-13,80,0,87,57,20,60
539,2022-12-01,2022-12-13,21,210,161,127,114,80
540,2022-12-01,2022-12-13,65,155,107,129,54,92
541,2022-12-01,2022-12-13,21,215,27,100,66,74
542,2022-12-01,2022-12-13,17,190,142,128,22,72
543,2022-12-01,2022-12-13,42,0,109,90,78,85
544,2022-12-01,2022-12-13,43,56,116,84,103,90
545,2022-12-01,2022-12-13,85,76,177,88,108,78
546,2022-12-01,2022-12-13,49,225,138,186,38,90
547,2022-12-01,2022-12-13,73,207,84,187,103,76
548,2022-12-01,2022-12-13,85,166,81,131,76,68
549,2022-12-01,2022-12-13,57,67,91,164,17,82
550,2022-12-01,2022-12-13,66,0,169,189,78,110
551,2022-12-01,2022-12-13,20,0,137,116,85,70
552,2022-12-01,2022-12-13,21,106,80,84,48,68
553,2022-12-01,2022-12-13,40,0,15,114,34,88
554,2022-12-01,2022-12-13,86,44,136,88,93,62
555,2022-12-01,2022-12-13,77,115,120,84,58,64
556,2022-12-01,2022-12-13,39,215,138,124,70,70
557,2022-12-01,2022-12-13,85,0,29,97,31,70
558,2022-12-01,2022-12-13,40,0,76,110,80,76
559,2022-12-01,2022-12-13,27,0,118,103,12,68
560,2022-12-01,2022-12-13,25,0,122,85,41,74
561,2022-12-01,2022-12-13,80,0,200,125,85,76
562,2022-12-01,2022-12-13,6,274,81,198,75,66
563,2022-12-01,2022-12-13,92,77,99,87,61,68
564,2022-12-01,2022-12-13,80,54,85,99,109,60
565,2022-12-01,2022-12-13,30,0,112,91,83,80
566,2022-12-01,2022-12-13,56,88,29,95,98,54
567,2022-12-01,2022-12-13,60,18,124,99,57,72
568,2022-12-01,2022-12-13,28,126,11,92,17,62
569,2022-12-01,2022-12-13,58,126,187,154,61,72
570,2022-12-01,2022-12-13,30,165,121,121,25,66
571,2022-12-01,2022-12-13,83,0,34,78,102,70
572,2022-12-01,2022-12-13,16,0,72,130,10,96
573,2022-12-01,2022-12-13,11,44,198,111,25,58
574,2022-12-01,2022-12-13,91,120,95,98,103,60
575,2022-12-01,2022-12-13,92,330,67,143,52,86
576,2022-12-01,2022-12-13,48,63,52,119,119,44
577,2022-12-01,2022-12-13,6,130,137,108,96,44
578,2022-12-01,2022-12-13,60,0,122,118,105,80
579,2022-12-01,2022-12-13,35,0,54,133,42,68
580,2022-12-01,2022-12-13,33,0,80,197,73,70
581,2022-12-01,2022-12-13,3,0,81,151,12,90
582,2022-12-01,2022-12-13,10,0,2,109,67,60
583,2022-12-01,2022-12-13,72,0,106,121,70,78
584,2022-12-01,2022-12-13,6,0,33,100,88,76
585,2022-12-01,2022-12-13,12,600,0,124,20,76
586,2022-12-01,2022-12-13,22,0,20,93,55,56
587,2022-12-01,2022-12-13,74,0,116,143,114,66
588,2022-12-01,2022-12-13,35,0,168,103,42,66
589,2022-12-01,2022-12-13,61,156,164,176,58,86
590,2022-12-01,2022-12-13,3,0,58,73,94,0
591,2022-12-01,2022-12-13,95,0,196,111,73,84
592,2022-12-01,2022-12-13,63,140,194,112,108,78
593,2022-12-01,2022-12-13,77,0,118,132,95,80
594,2022-12-01,2022-12-13,72,115,145,82,89,52
595,2022-12-01,2022-12-13,36,230,56,123,52,72
596,2022-12-01,2022-12-13,30,185,53,188,41,82
597,2022-12-01,2022-12-13,53,0,43,67,13,76
598,2022-12-01,2022-12-13,33,25,94,89,98,24
599,2022-12-01,2022-12-13,60,0,94,173,93,74
600,2022-12-01,2022-12-13,36,120,188,109,114,38
601,2022-12-01,2022-12-13,7,0,83,108,57,88
602,2022-12-01,2022-12-13,15,0,142,96,30,0
603,2022-12-01,2022-12-13,65,0,110,124,26,74
604,2022-12-01,2022-12-13,71,126,4,150,5,78
605,2022-12-01,2022-12-13,45,0,181,183,100,0
606,2022-12-01,2022-12-13,15,0,184,124,19,60
607,2022-12-01,2022-12-13,69,293,2,181,66,78
608,2022-12-01,2022-12-13,55,41,33,92,77,62
609,2022-12-01,2022-12-13,4,272,10,152,105,82
610,2022-12-01,2022-12-13,63,182,182,111,25,62
611,2022-12-01,2022-12-13,63,158,14,106,49,54
612,2022-12-01,2022-12-13,14,194,157,174,21,58
613,2022-12-01,2022-12-13,49,321,196,168,44,88
614,2022-12-01,2022-12-13,49,0,144,105,1,80
615,2022-12-01,2022-12-13,50,144,41,138,81,74
616,2022-12-01,2022-12-13,43,0,56,106,102,72
617,2022-12-01,2022-12-13,5,0,51,117,76,96
618,2022-12-01,2022-12-13,78,15,153,68,110,62
619,2022-12-01,2022-12-13,70,0,104,112,103,82
620,2022-12-01,2022-12-13,23,0,98,119,113,0
621,2022-12-01,2022-12-13,54,160,65,112,89,86
622,2022-12-01,2022-12-13,45,0,70,92,117,76
623,2022-12-01,2022-12-13,53,0,150,183,36,94
624,2022-12-01,2022-12-13,40,115,181,94,98,70
625,2022-12-01,2022-12-13,39,0,2,108,66,64
626,2022-12-01,2022-12-13,81,54,0,90,83,88
627,2022-12-01,2022-12-13,45,0,174,125,116,68
628,2022-12-01,2022-12-13,66,0,140,132,54,78
629,2022-12-01,2022-12-13,14,0,132,128,24,80
630,2022-12-01,2022-12-13,21,0,64,94,10,65
631,2022-12-01,2022-12-13,44,0,138,114,90,64
632,2022-12-01,2022-12-13,57,90,179,102,110,78
633,2022-12-01,2022-12-13,33,0,187,111,102,60
634,2022-12-01,2022-12-13,17,183,164,128,37,82
635,2022-12-01,2022-12-13,16,0,57,92,114,62
636,2022-12-01,2022-12-13,2,0,144,104,74,72
637,2022-12-01,2022-12-13,67,0,74,104,80,74
638,2022-12-01,2022-12-13,69,66,70,94,77,76
639,2022-12-01,2022-12-13,39,91,194,97,30,76
640,2022-12-01,2022-12-13,87,46,125,100,84,74
641,2022-12-01,2022-12-13,7,105,63,102,18,86
642,2022-12-01,2022-12-13,38,0,114,128,89,70
643,2022-12-01,2022-12-13,6,0,12,147,46,80
644,2022-12-01,2022-12-13,2,0,21,90,43,0
645,2022-12-01,2022-12-13,25,152,136,103,103,72
646,2022-12-01,2022-12-13,63,440,66,157,67,74
647,2022-12-01,2022-12-13,30,144,2,167,3,74
648,2022-12-01,2022-12-13,95,159,96,179,101,50
649,2022-12-01,2022-12-13,80,130,131,136,93,84
650,2022-12-01,2022-12-13,83,0,177,107,75,60
651,2022-12-01,2022-12-13,88,100,126,91,113,54
652,2022-12-01,2022-12-13,26,106,162,117,112,60
653,2022-12-01,2022-12-13,43,77,86,123,63,74
654,2022-12-01,2022-12-13,91,0,25,120,55,54
655,2022-12-01,2022-12-13,33,135,106,106,117,70
656,2022-12-01,2022-12-13,75,540,27,155,40,52
657,2022-12-01,2022-12-13,91,90,75,101,122,58
658,2022-12-01,2022-12-13,45,200,55,120,24,80
659,2022-12-01,2022-12-13,87,0,185,127,4,106
660,2022-12-01,2022-12-13,26,70,187,80,19,82
661,2022-12-01,2022-12-13,51,0,147,162,25,84
662,2022-12-01,2022-12-13,40,0,136,199,49,76
663,2022-12-01,2022-12-13,11,231,8,167,97,106
664,2022-12-01,2022-12-13,54,130,130,145,50,80
665,2022-12-01,2022-12-13,4,0,3,115,42,60
666,2022-12-01,2022-12-13,6,132,48,112,55,80
667,2022-12-01,2022-12-13,64,0,146,145,36,82
668,2022-12-01,2022-12-13,66,0,50,111,107,70
669,2022-12-01,2022-12-13,90,190,96,98,23,58
670,2022-12-01,2022-12-13,8,100,142,154,118,78
671,2022-12-01,2022-12-13,83,168,60,165,115,68
672,2022-12-01,2022-12-13,30,0,55,99,42,58
673,2022-12-01,2022-12-13,82,49,53,68,94,106
674,2022-12-01,2022-12-13,15,240,174,123,50,100
675,2022-12-01,2022-12-13,93,0,125,91,50,82
676,2022-12-01,2022-12-13,88,0,137,195,103,70
677,2022-12-01,2022-12-13,63,0,15,156,20,86
678,2022-12-01,2022-12-13,83,0,137,93,86,60
679,2022-12-01,2022-12-13,72,0,12,121,25,52
680,2022-12-01,2022-12-13,18,265,141,101,119,58
681,2022-12-01,2022-12-13,23,45,3,56,87,56
682,2022-12-01,2022-12-13,31,0,168,162,53,76
683,2022-12-01,2022-12-13,33,105,30,95,121,64
684,2022-12-01,2022-12-13,14,0,111,125,25,80
685,2022-12-01,2022-12-13,72,0,112,136,69,82
686,2022-12-01,2022-12-13,3,205,100,129,42,74
687,2022-12-01,2022-12-13,45,0,188,130,28,64
688,2022-12-01,2022-12-13,32,0,167,107,27,50
689,2022-12-01,2022-12-13,2,180,160,140,45,74
690,2022-12-01,2022-12-13,15,180,124,144,88,82
691,2022-12-01,2022-12-13,6,0,70,107,117,80
692,2022-12-01,2022-12-13,31,0,195,158,87,114
693,2022-12-01,2022-12-13,57,95,167,121,109,70
694,2022-12-01,2022-12-13,55,125,105,129,17,68
695,2022-12-01,2022-12-13,13,0,14,90,38,60
696,2022-12-01,2022-12-13,26,480,80,142,32,90
697,2022-12-01,2022-12-13,56,125,15,169,72,74
698,2022-12-01,2022-12-13,71,0,130,99,57,0
699,2022-12-01,2022-12-13,4,155,153,127,60,88
700,2022-12-01,2022-12-13,62,0,157,118,121,70
701,2022-12-01,2022-12-13,7,200,167,122,24,76
702,2022-12-01,2022-12-13,30,0,101,125,10,78
703,2022-12-01,2022-12-13,67,0,45,168,96,88
704,2022-12-01,2022-12-13,64,0,111,129,3,0
705,2022-12-01,2022-12-13,53,100,29,110,40,76
706,2022-12-01,2022-12-13,89,0,182,80,66,80
707,2022-12-01,2022-12-13,48,0,11,115,116,0
708,2022-12-01,2022-12-13,33,335,79,127,22,46
709,2022-12-01,2022-12-13,91,0,6,164,85,78
710,2022-12-01,2022-12-13,42,160,185,93,95,64
711,2022-12-01,2022-12-13,0,387,136,158,15,64
712,2022-12-01,2022-12-13,45,22,50,126,101,78
713,2022-12-01,2022-12-13,45,0,151,129,47,62
714,2022-12-01,2022-12-13,84,291,70,134,7,58
715,2022-12-01,2022-12-13,39,0,192,102,22,74
716,2022-12-01,2022-12-13,4,392,66,187,118,50
717,2022-12-01,2022-12-13,52,185,18,173,105,78
718,2022-12-01,2022-12-13,62,0,25,94,73,72
719,2022-12-01,2022-12-13,29,178,195,108,117,60
720,2022-12-01,2022-12-13,51,0,84,97,96,76
721,2022-12-01,2022-12-13,53,0,192,83,76,86
722,2022-12-01,2022-12-13,88,200,48,114,87,66
723,2022-12-01,2022-12-13,86,127,63,149,11,68
724,2022-12-01,2022-12-13,58,105,162,117,96,86
725,2022-12-01,2022-12-13,5,0,59,111,48,94
726,2022-12-01,2022-12-13,66,0,121,112,102,78
727,2022-12-01,2022-12-13,20,180,126,116,80,78
728,2022-12-01,2022-12-13,59,0,24,141,26,84
729,2022-12-01,2022-12-13,72,0,64,175,102,88
730,2022-12-01,2022-12-13,42,0,53,92,75,52
731,2022-12-01,2022-12-13,88,79,167,130,64,78
732,2022-12-01,2022-12-13,14,0,90,120,47,86
733,2022-12-01,2022-12-13,76,120,148,174,57,88
734,2022-12-01,2022-12-13,20,165,124,106,51,56
735,2022-12-01,2022-12-13,62,0,166,105,73,75
736,2022-12-01,2022-12-13,24,0,107,95,112,60
737,2022-12-01,2022-12-13,81,120,33,126,45,86
738,2022-12-01,2022-12-13,65,0,17,65,110,72
739,2022-12-01,2022-12-13,4,160,32,99,62,60
740,2022-12-01,2022-12-13,95,0,29,102,29,74
741,2022-12-01,2022-12-13,86,150,109,120,18,80
742,2022-12-01,2022-12-13,33,94,15,102,48,44
743,2022-12-01,2022-12-13,37,116,87,109,2,58
744,2022-12-01,2022-12-13,46,0,16,140,66,94
745,2022-12-01,2022-12-13,37,140,72,153,14,88
746,2022-12-01,2022-12-13,54,105,97,100,60,84
747,2022-12-01,2022-12-13,90,0,85,147,37,94
748,2022-12-01,2022-12-13,54,57,87,81,73,74
749,2022-12-01,2022-12-13,100,200,153,187,3,70
750,2022-12-01,2022-12-13,5,0,104,162,13,62
751,2022-12-01,2022-12-13,32,0,79,136,64,70
752,2022-12-01,2022-12-13,82,74,56,121,52,78
753,2022-12-01,2022-12-13,17,0,169,108,99,62
754,2022-12-01,2022-12-13,33,510,28,181,17,88
755,2022-12-01,2022-12-13,95,0,183,154,60,78
756,2022-12-01,2022-12-13,43,110,23,128,102,88
757,2022-12-01,2022-12-13,6,0,14,137,48,90
758,2022-12-01,2022-12-13,70,0,161,123,7,72
759,2022-12-01,2022-12-13,95,0,145,106,7,76
760,2022-12-01,2022-12-13,30,0,154,190,46,92
761,2022-12-01,2022-12-13,90,16,22,88,56,58
762,2022-12-01,2022-12-13,59,0,100,170,17,74
763,2022-12-01,2022-12-13,74,0,1,89,98,62
764,2022-12-01,2022-12-13,17,180,72,101,87,76
765,2022-12-01,2022-12-13,6,0,23,122,96,70
766,2022-12-01,2022-12-13,4,112,125,121,16,72
767,2022-12-01,2022-12-13,65,0,100,126,58,60
768,2022-12-01,2022-12-13,55,0,106,93,108,70
