patientid,Age,pregnancies,bmi,measurement_date_1,measurement_date_2,insulin_1,insulin_2,glucose_1,glucose_2,bloodpressure_1,bloodpressure_2,skinthickness,diabetespedigreefunction,outcome
1,50,6,33.6,2022-12-01,2022-12-13,80,0,172,148,117,72,35,0.627,1
2,31,1,26.6,2022-12-01,2022-12-13,80,0,54,85,93,66,29,0.351,0
3,32,8,23.3,2022-12-01,2022-12-13,1,0,168,183,100,64,0,0.672,1
4,21,1,28.1,2022-12-01,2022-12-13,26,94,53,89,39,66,23,0.167,0
5,33,0,43.1,2022-12-01,2022-12-13,54,168,184,137,116,40,35,2.288,1
6,30,5,25.6,2022-12-01,2022-12-13,10,0,112,116,39,74,0,0.201,0
7,26,3,31.0,2022-12-01,2022-12-13,53,88,116,78,119,50,32,0.248,1
8,29,10,35.3,2022-12-01,2022-12-13,14,0,101,115,39,0,0,0.134,0
9,53,2,30.5,2022-12-01,2022-12-13,95,543,77,197,14,70,45,0.158,1
10,54,8,0.0,2022-12-01,2022-12-13,91,0,43,125,26,96,0,0.232,1
11,30,4,37.6,2022-12-01,2022-12-13,1,0,196,110,22,92,0,0.191,0
12,34,10,38.0,2022-12-01,2022-12-13,42,0,117,168,72,74,0,0.537,1
13,57,10,27.1,2022-12-01,2022-12-13,88,0,193,139,99,80,0,1.441,0
14,59,1,30.1,2022-12-01,2022-12-13,22,846,36,189,42,60,23,0.398,1
15,51,5,25.8,2022-12-01,2022-12-13,57,175,44,166,57,72,19,0.587,1
16,32,7,30.0,2022-12-01,2022-12-13,86,0,171,100,114,0,0,0.484,1
17,31,0,45.8,2022-12-01,2022-12-13,77,230,145,118,14,84,47,0.551,1
18,31,7,29.6,2022-12-01,2022-12-13,83,0,30,107,35,74,0,0.254,1
19,33,1,43.3,2022-12-01,2022-12-13,50,83,162,103,25,30,38,0.183,0
20,32,1,34.6,2022-12-01,2022-12-13,40,96,60,115,49,70,30,0.529,1
21,27,3,39.3,2022-12-01,2022-12-13,6,235,140,126,91,88,41,0.704,0
22,50,8,35.4,2022-12-01,2022-12-13,28,0,105,99,31,84,0,0.388,0
23,41,7,39.8,2022-12-01,2022-12-13,46,0,102,196,10,90,0,0.451,1
24,29,9,29.0,2022-12-01,2022-12-13,91,0,147,119,29,80,35,0.263,1
25,51,11,36.6,2022-12-01,2022-12-13,30,146,88,143,108,94,33,0.254,1
26,41,10,31.1,2022-12-01,2022-12-13,91,115,2,125,77,70,26,0.205,1
27,43,7,39.4,2022-12-01,2022-12-13,55,0,92,147,50,76,0,0.257,1
28,22,1,23.2,2022-12-01,2022-12-13,19,140,95,97,92,66,15,0.487,0
29,57,13,22.2,2022-12-01,2022-12-13,54,110,165,145,15,82,19,0.245,0
30,38,5,34.1,2022-12-01,2022-12-13,84,0,189,117,24,92,0,0.337,0
31,60,5,36.0,2022-12-01,2022-12-13,15,0,143,109,4,75,26,0.546,0
32,28,3,31.6,2022-12-01,2022-12-13,82,245,105,158,56,76,36,0.851,1
33,22,3,24.8,2022-12-01,2022-12-13,62,54,161,88,4,58,11,0.267,0
34,28,6,19.9,2022-12-01,2022-12-13,59,0,113,92,19,92,0,0.188,0
35,45,10,27.6,2022-12-01,2022-12-13,98,0,41,122,108,78,31,0.512,0
36,33,4,24.0,2022-12-01,2022-12-13,85,192,192,103,51,60,33,0.966,0
37,35,11,33.2,2022-12-01,2022-12-13,79,0,91,138,12,76,0,0.42,0
38,46,9,32.9,2022-12-01,2022-12-13,84,0,137,102,62,76,37,0.665,1
39,27,2,38.2,2022-12-01,2022-12-13,48,0,113,90,12,68,42,0.503,1
40,56,4,37.1,2022-12-01,2022-12-13,32,207,91,111,4,72,47,1.39,1
41,26,3,34.0,2022-12-01,2022-12-13,73,70,17,180,122,64,25,0.271,0
42,37,7,40.2,2022-12-01,2022-12-13,73,0,98,133,28,84,0,0.696,0
43,48,7,22.7,2022-12-01,2022-12-13,93,0,113,106,19,92,18,0.235,0
44,54,9,45.4,2022-12-01,2022-12-13,20,240,68,171,58,110,24,0.721,1
45,40,7,27.4,2022-12-01,2022-12-13,30,0,154,159,68,64,0,0.294,0
46,25,0,42.0,2022-12-01,2022-12-13,75,0,6,180,93,66,39,1.893,1
47,29,1,29.7,2022-12-01,2022-12-13,6,0,190,146,113,56,0,0.564,0
48,22,2,28.0,2022-12-01,2022-12-13,68,0,125,71,100,70,27,0.586,0
49,31,7,39.1,2022-12-01,2022-12-13,16,0,38,103,36,66,32,0.344,1
50,24,7,0.0,2022-12-01,2022-12-13,4,0,161,105,83,0,0,0.305,0
51,22,1,19.4,2022-12-01,2022-12-13,6,82,57,103,65,80,11,0.491,0
52,26,1,24.2,2022-12-01,2022-12-13,83,36,191,101,37,50,15,0.526,0
53,30,5,24.4,2022-12-01,2022-12-13,9,23,24,88,111,66,21,0.342,0
54,58,8,33.7,2022-12-01,2022-12-13,18,300,85,176,55,90,34,0.467,1
55,42,7,34.7,2022-12-01,2022-12-13,22,342,106,150,9,66,42,0.718,0
56,21,1,23.0,2022-12-01,2022-12-13,26,0,145,73,77,50,10,0.248,0
57,41,7,37.7,2022-12-01,2022-12-13,83,304,21,187,13,68,39,0.254,1
58,31,0,46.8,2022-12-01,2022-12-13,41,110,171,100,106,88,60,0.962,0
59,44,0,40.5,2022-12-01,2022-12-13,35,0,193,146,50,82,0,1.781,0
60,22,0,41.5,2022-12-01,2022-12-13,98,142,191,105,76,64,41,0.173,0
61,21,2,0.0,2022-12-01,2022-12-13,57,0,147,84,55,0,0,0.304,0
62,39,8,32.9,2022-12-01,2022-12-13,1,0,153,133,122,72,0,0.27,1
63,36,5,25.0,2022-12-01,2022-12-13,24,0,38,44,45,62,0,0.587,0
64,24,2,25.4,2022-12-01,2022-12-13,91,128,120,141,84,58,34,0.699,0
65,42,7,32.8,2022-12-01,2022-12-13,69,0,94,114,108,66,0,0.258,1
66,32,5,29.0,2022-12-01,2022-12-13,4,0,79,99,121,74,27,0.203,0
67,38,0,32.5,2022-12-01,2022-12-13,16,0,131,109,36,88,30,0.855,1
68,54,2,42.7,2022-12-01,2022-12-13,43,0,185,109,115,92,0,0.845,0
69,25,1,19.6,2022-12-01,2022-12-13,25,38,61,95,118,66,13,0.334,0
70,27,4,28.9,2022-12-01,2022-12-13,93,100,139,146,72,85,27,0.189,0
71,28,2,32.9,2022-12-01,2022-12-13,63,90,150,100,95,66,20,0.867,1
72,26,5,28.6,2022-12-01,2022-12-13,56,140,119,139,97,64,35,0.411,0
73,42,13,43.4,2022-12-01,2022-12-13,64,0,90,126,103,90,0,0.583,1
74,23,4,35.1,2022-12-01,2022-12-13,42,270,119,129,98,86,20,0.231,0
75,22,1,32.0,2022-12-01,2022-12-13,80,0,176,79,74,75,30,0.396,0
76,22,1,24.7,2022-12-01,2022-12-13,55,0,86,0,96,48,20,0.14,0
77,41,7,32.6,2022-12-01,2022-12-13,31,0,91,62,42,78,0,0.391,0
78,27,5,37.7,2022-12-01,2022-12-13,10,0,187,95,28,72,33,0.37,0
79,26,0,43.2,2022-12-01,2022-12-13,96,0,35,131,58,0,0,0.27,1
80,24,2,25.0,2022-12-01,2022-12-13,66,0,162,112,70,66,22,0.307,0
81,22,3,22.4,2022-12-01,2022-12-13,83,0,183,113,118,44,13,0.14,0
82,22,2,0.0,2022-12-01,2022-12-13,92,0,8,74,108,0,0,0.102,0
83,36,7,29.3,2022-12-01,2022-12-13,77,71,162,83,81,78,26,0.767,0
84,22,0,24.6,2022-12-01,2022-12-13,60,0,199,101,60,65,28,0.237,0
85,37,5,48.8,2022-12-01,2022-12-13,44,0,111,137,65,108,0,0.227,1
86,27,2,32.4,2022-12-01,2022-12-13,54,125,69,110,69,74,29,0.698,0
87,45,13,36.6,2022-12-01,2022-12-13,71,0,148,106,82,72,54,0.178,0
88,26,2,38.5,2022-12-01,2022-12-13,1,71,122,100,33,68,25,0.324,0
89,43,15,37.1,2022-12-01,2022-12-13,67,110,41,136,2,70,32,0.153,1
90,24,1,26.5,2022-12-01,2022-12-13,58,0,21,107,9,68,19,0.165,0
91,21,1,19.1,2022-12-01,2022-12-13,39,0,40,80,6,55,0,0.258,0
92,34,4,32.0,2022-12-01,2022-12-13,45,176,23,123,2,80,15,0.443,0
93,42,7,46.7,2022-12-01,2022-12-13,58,48,42,81,57,78,40,0.261,0
94,60,4,23.8,2022-12-01,2022-12-13,56,0,103,134,109,72,0,0.277,1
95,21,2,24.7,2022-12-01,2022-12-13,82,64,199,142,118,82,18,0.761,0
96,40,6,33.9,2022-12-01,2022-12-13,13,228,31,144,61,72,27,0.255,0
97,24,2,31.6,2022-12-01,2022-12-13,71,0,117,92,16,62,28,0.13,0
98,22,1,20.4,2022-12-01,2022-12-13,19,76,64,71,60,48,18,0.323,0
99,23,6,28.7,2022-12-01,2022-12-13,46,64,112,93,48,50,30,0.356,0
100,31,1,49.7,2022-12-01,2022-12-13,7,220,111,122,49,90,51,0.325,1
101,33,1,39.0,2022-12-01,2022-12-13,96,0,76,163,90,72,0,1.222,1
102,22,1,26.1,2022-12-01,2022-12-13,46,0,33,151,27,60,0,0.179,0
103,21,0,22.5,2022-12-01,2022-12-13,92,0,89,125,104,96,0,0.262,0
104,24,1,26.6,2022-12-01,2022-12-13,6,40,144,81,54,72,18,0.283,0
105,27,2,39.6,2022-12-01,2022-12-13,98,0,197,85,99,65,0,0.93,0
106,21,1,28.7,2022-12-01,2022-12-13,8,152,74,126,62,56,29,0.801,0
107,27,1,22.4,2022-12-01,2022-12-13,57,0,118,96,118,122,0,0.207,0
108,37,4,29.5,2022-12-01,2022-12-13,34,140,162,144,107,58,28,0.287,0
109,25,3,34.3,2022-12-01,2022-12-13,70,18,43,83,68,58,31,0.336,0
110,24,0,37.4,2022-12-01,2022-12-13,63,36,168,95,33,85,25,0.247,1
111,24,3,33.3,2022-12-01,2022-12-13,96,135,169,171,25,72,33,0.199,1
112,46,8,34.0,2022-12-01,2022-12-13,79,495,17,155,62,62,26,0.543,1
113,23,1,31.2,2022-12-01,2022-12-13,59,37,169,89,86,76,34,0.192,0
114,25,4,34.0,2022-12-01,2022-12-13,42,0,150,76,113,62,0,0.391,0
115,39,7,30.5,2022-12-01,2022-12-13,39,175,123,160,41,54,32,0.588,1
116,61,4,31.2,2022-12-01,2022-12-13,15,0,118,146,40,92,0,0.539,1
117,38,5,34.0,2022-12-01,2022-12-13,6,0,86,124,1,74,0,0.22,1
118,25,5,33.7,2022-12-01,2022-12-13,5,0,154,78,1,48,0,0.654,0
119,22,4,28.2,2022-12-01,2022-12-13,65,0,142,97,46,60,23,0.443,0
120,21,4,23.2,2022-12-01,2022-12-13,96,51,179,99,17,76,15,0.223,0
121,25,0,53.2,2022-12-01,2022-12-13,14,100,39,162,41,76,56,0.759,1
122,24,6,34.2,2022-12-01,2022-12-13,72,0,11,111,77,64,39,0.26,0
123,23,2,33.6,2022-12-01,2022-12-13,41,100,162,107,95,74,30,0.404,0
124,69,5,26.8,2022-12-01,2022-12-13,21,0,44,132,11,80,0,0.186,0
125,23,0,33.3,2022-12-01,2022-12-13,10,0,65,113,107,76,0,0.278,1
126,26,1,55.0,2022-12-01,2022-12-13,72,99,149,88,55,30,42,0.496,1
127,30,3,42.9,2022-12-01,2022-12-13,38,135,91,120,66,70,30,0.452,0
128,23,1,33.3,2022-12-01,2022-12-13,27,94,181,118,107,58,36,0.261,0
129,40,1,34.5,2022-12-01,2022-12-13,64,145,175,117,100,88,24,0.403,1
130,62,0,27.9,2022-12-01,2022-12-13,35,0,7,105,36,84,0,0.741,1
131,33,4,29.7,2022-12-01,2022-12-13,76,168,102,173,80,70,14,0.361,1
132,33,9,33.3,2022-12-01,2022-12-13,38,0,78,122,47,56,0,1.114,1
133,30,3,34.5,2022-12-01,2022-12-13,44,225,130,170,32,64,37,0.356,1
134,39,8,38.3,2022-12-01,2022-12-13,16,0,95,84,27,74,31,0.457,0
135,26,2,21.1,2022-12-01,2022-12-13,26,49,178,96,90,68,13,0.647,0
136,31,2,33.8,2022-12-01,2022-12-13,54,140,172,125,106,60,20,0.088,0
137,21,0,30.8,2022-12-01,2022-12-13,11,50,8,100,99,70,26,0.597,0
138,22,0,28.7,2022-12-01,2022-12-13,49,92,113,93,100,60,25,0.532,0
139,29,0,31.2,2022-12-01,2022-12-13,37,0,129,129,78,80,0,0.703,0
140,28,5,36.9,2022-12-01,2022-12-13,29,325,15,105,54,72,29,0.159,0
141,55,3,21.1,2022-12-01,2022-12-13,33,0,165,128,95,78,0,0.268,0
142,38,5,39.5,2022-12-01,2022-12-13,29,0,103,106,19,82,30,0.286,0
143,22,2,32.5,2022-12-01,2022-12-13,70,63,39,108,32,52,26,0.318,0
144,42,10,32.4,2022-12-01,2022-12-13,31,0,87,108,47,66,0,0.272,1
145,23,4,32.8,2022-12-01,2022-12-13,32,284,33,154,50,62,31,0.237,0
146,21,0,0.0,2022-12-01,2022-12-13,62,0,164,102,65,75,23,0.572,0
147,41,9,32.8,2022-12-01,2022-12-13,43,0,93,57,116,80,37,0.096,0
148,34,2,30.5,2022-12-01,2022-12-13,31,119,89,106,87,64,35,1.4,0
149,65,5,33.7,2022-12-01,2022-12-13,13,0,62,147,83,78,0,0.218,0
150,22,2,27.3,2022-12-01,2022-12-13,19,0,120,90,69,70,17,0.085,0
151,24,1,37.4,2022-12-01,2022-12-13,55,204,150,136,26,74,50,0.399,0
152,37,4,21.9,2022-12-01,2022-12-13,89,0,158,114,74,65,0,0.432,0
153,42,9,34.3,2022-12-01,2022-12-13,42,155,55,156,19,86,28,1.189,1
154,23,1,40.6,2022-12-01,2022-12-13,13,485,152,153,81,82,42,0.687,0
155,43,8,47.9,2022-12-01,2022-12-13,2,0,40,188,46,78,0,0.137,1
156,36,7,50.0,2022-12-01,2022-12-13,14,0,81,152,104,88,44,0.337,1
157,21,2,24.6,2022-12-01,2022-12-13,75,94,108,99,25,52,15,0.637,0
158,23,1,25.2,2022-12-01,2022-12-13,38,135,148,109,19,56,21,0.833,0
159,22,2,29.0,2022-12-01,2022-12-13,60,53,11,88,90,74,19,0.229,0
160,47,17,40.9,2022-12-01,2022-12-13,18,114,92,163,102,72,41,0.817,1
161,36,4,29.7,2022-12-01,2022-12-13,49,0,23,151,48,90,38,0.294,0
162,45,7,37.2,2022-12-01,2022-12-13,82,105,39,102,14,74,40,0.204,0
163,27,0,44.2,2022-12-01,2022-12-13,87,285,20,114,22,80,34,0.167,0
164,21,2,29.7,2022-12-01,2022-12-13,2,0,161,100,9,64,23,0.368,0
165,32,0,31.6,2022-12-01,2022-12-13,30,0,37,131,27,88,0,0.743,1
166,41,6,29.9,2022-12-01,2022-12-13,86,156,196,104,16,74,18,0.722,1
167,22,3,32.5,2022-12-01,2022-12-13,69,0,196,148,44,66,25,0.256,0
168,34,4,29.6,2022-12-01,2022-12-13,71,0,181,120,108,68,0,0.709,0
169,29,4,31.9,2022-12-01,2022-12-13,27,0,3,110,112,66,0,0.471,0
170,29,3,28.4,2022-12-01,2022-12-13,36,78,91,111,25,90,12,0.495,0
171,36,6,30.8,2022-12-01,2022-12-13,82,0,98,102,48,82,0,0.18,1
172,29,6,35.4,2022-12-01,2022-12-13,51,130,156,134,83,70,23,0.542,1
173,25,2,28.9,2022-12-01,2022-12-13,97,0,88,87,4,0,23,0.773,0
174,23,1,43.5,2022-12-01,2022-12-13,5,48,91,79,34,60,42,0.678,0
175,33,2,29.7,2022-12-01,2022-12-13,76,55,30,75,42,64,24,0.37,0
176,36,8,32.7,2022-12-01,2022-12-13,27,130,108,179,106,72,42,0.719,1
177,42,6,31.2,2022-12-01,2022-12-13,44,0,29,85,72,78,0,0.382,0
178,26,0,67.1,2022-12-01,2022-12-13,63,130,142,129,71,110,46,0.319,1
179,47,5,45.0,2022-12-01,2022-12-13,87,0,188,143,52,78,0,0.19,0
180,37,5,39.1,2022-12-01,2022-12-13,11,0,48,130,120,82,0,0.956,1
181,32,6,23.2,2022-12-01,2022-12-13,32,0,70,87,19,80,0,0.084,0
182,23,0,34.9,2022-12-01,2022-12-13,20,92,116,119,106,64,18,0.725,0
183,21,1,27.7,2022-12-01,2022-12-13,90,23,6,0,5,74,20,0.299,0
184,27,5,26.8,2022-12-01,2022-12-13,97,0,44,73,112,60,0,0.268,0
185,40,4,27.6,2022-12-01,2022-12-13,30,0,22,141,77,74,0,0.244,0
186,41,7,35.9,2022-12-01,2022-12-13,78,0,176,194,77,68,28,0.745,1
187,60,8,30.1,2022-12-01,2022-12-13,77,495,97,181,18,68,36,0.615,1
188,33,1,32.0,2022-12-01,2022-12-13,95,58,126,128,96,98,41,1.321,1
189,31,8,27.9,2022-12-01,2022-12-13,8,114,112,109,6,76,39,0.64,1
190,25,5,31.6,2022-12-01,2022-12-13,27,160,13,139,53,80,35,0.361,1
191,21,3,22.6,2022-12-01,2022-12-13,23,0,70,111,59,62,0,0.142,0
192,40,9,33.1,2022-12-01,2022-12-13,94,94,11,123,79,70,44,0.374,0
193,36,7,30.4,2022-12-01,2022-12-13,24,0,16,159,31,66,0,0.383,1
194,40,11,52.3,2022-12-01,2022-12-13,38,0,142,135,42,0,0,0.578,1
195,42,8,24.4,2022-12-01,2022-12-13,90,0,24,85,109,55,20,0.136,0
196,29,5,39.4,2022-12-01,2022-12-13,24,210,199,158,96,84,41,0.395,1
197,21,1,24.3,2022-12-01,2022-12-13,94,0,63,105,48,58,0,0.187,0
198,23,3,22.9,2022-12-01,2022-12-13,38,48,97,107,116,62,13,0.678,1
199,26,4,34.8,2022-12-01,2022-12-13,48,99,23,109,76,64,44,0.905,1
200,29,4,30.9,2022-12-01,2022-12-13,14,318,189,148,98,60,27,0.15,1
201,21,0,31.0,2022-12-01,2022-12-13,26,0,189,113,28,80,16,0.874,0
202,28,1,40.1,2022-12-01,2022-12-13,82,0,146,138,74,82,0,0.236,0
203,32,0,27.3,2022-12-01,2022-12-13,67,0,24,108,33,68,20,0.787,0
204,27,2,20.4,2022-12-01,2022-12-13,39,44,175,99,96,70,16,0.235,0
205,55,6,37.7,2022-12-01,2022-12-13,4,190,176,103,120,72,32,0.324,0
206,27,5,23.9,2022-12-01,2022-12-13,20,0,200,111,7,72,28,0.407,0
207,57,8,37.5,2022-12-01,2022-12-13,31,280,34,196,84,76,29,0.605,1
208,52,5,37.7,2022-12-01,2022-12-13,70,0,136,162,117,104,0,0.151,1
209,21,1,33.2,2022-12-01,2022-12-13,18,87,117,96,13,64,27,0.289,0
210,41,7,35.5,2022-12-01,2022-12-13,14,0,48,184,36,84,33,0.355,1
211,25,2,27.7,2022-12-01,2022-12-13,1,0,177,81,77,60,22,0.29,0
212,24,0,42.8,2022-12-01,2022-12-13,48,0,197,147,53,85,54,0.375,0
213,60,7,34.2,2022-12-01,2022-12-13,71,0,105,179,39,95,31,0.164,0
214,24,0,42.6,2022-12-01,2022-12-13,36,130,143,140,100,65,26,0.431,1
215,36,9,34.2,2022-12-01,2022-12-13,98,175,104,112,27,82,32,0.26,1
216,38,12,41.8,2022-12-01,2022-12-13,30,271,64,151,28,70,40,0.742,1
217,25,5,35.8,2022-12-01,2022-12-13,73,129,125,109,115,62,41,0.514,1
218,32,6,30.0,2022-12-01,2022-12-13,1,120,101,125,15,68,30,0.464,0
219,32,5,29.0,2022-12-01,2022-12-13,25,0,190,85,55,74,22,1.224,1
220,41,5,37.8,2022-12-01,2022-12-13,89,0,98,112,75,66,0,0.261,1
221,21,0,34.6,2022-12-01,2022-12-13,6,478,90,177,0,60,29,1.072,1
222,66,2,31.6,2022-12-01,2022-12-13,80,0,20,158,107,90,0,0.805,1
223,37,7,25.2,2022-12-01,2022-12-13,51,0,24,119,66,0,0,0.209,0
224,61,7,28.8,2022-12-01,2022-12-13,41,190,106,142,110,60,33,0.687,0
225,26,1,23.6,2022-12-01,2022-12-13,31,56,191,100,56,66,15,0.666,0
226,22,1,34.6,2022-12-01,2022-12-13,26,32,170,87,21,78,27,0.101,0
227,26,0,35.7,2022-12-01,2022-12-13,53,0,123,101,120,76,0,0.198,0
228,24,3,37.2,2022-12-01,2022-12-13,5,0,130,162,121,52,38,0.652,1
229,31,4,36.7,2022-12-01,2022-12-13,67,744,77,197,47,70,39,2.329,0
230,24,0,45.2,2022-12-01,2022-12-13,58,53,109,117,78,80,31,0.089,0
231,22,4,44.0,2022-12-01,2022-12-13,55,0,128,142,21,86,0,0.645,1
232,46,6,46.2,2022-12-01,2022-12-13,71,370,156,134,18,80,37,0.238,1
233,22,1,25.4,2022-12-01,2022-12-13,67,37,177,79,100,80,25,0.583,0
234,29,4,35.0,2022-12-01,2022-12-13,67,0,35,122,103,68,0,0.394,0
235,23,3,29.7,2022-12-01,2022-12-13,28,45,71,74,76,68,28,0.293,0
236,26,4,43.6,2022-12-01,2022-12-13,55,0,155,171,39,72,0,0.479,1
237,51,7,35.9,2022-12-01,2022-12-13,66,192,191,181,56,84,21,0.586,1
238,23,0,44.1,2022-12-01,2022-12-13,13,0,28,179,115,90,27,0.686,1
239,32,9,30.8,2022-12-01,2022-12-13,12,0,11,164,10,84,21,0.831,1
240,27,0,18.4,2022-12-01,2022-12-13,97,0,145,104,4,76,0,0.582,0
241,21,1,29.2,2022-12-01,2022-12-13,13,0,111,91,81,64,24,0.192,0
242,22,4,33.1,2022-12-01,2022-12-13,6,88,193,91,84,70,32,0.446,0
243,22,3,25.6,2022-12-01,2022-12-13,10,0,108,139,82,54,0,0.402,1
244,33,6,27.1,2022-12-01,2022-12-13,21,176,184,119,20,50,22,1.318,1
245,29,2,38.2,2022-12-01,2022-12-13,11,194,68,146,90,76,35,0.329,0
246,49,9,30.0,2022-12-01,2022-12-13,7,0,68,184,61,85,15,1.213,1
247,41,10,31.2,2022-12-01,2022-12-13,80,0,60,122,22,68,0,0.258,0
248,23,0,52.3,2022-12-01,2022-12-13,79,680,169,165,47,90,33,0.427,0
249,34,9,35.4,2022-12-01,2022-12-13,51,402,64,124,120,70,33,0.282,0
250,23,1,30.1,2022-12-01,2022-12-13,67,0,105,111,18,86,19,0.143,0
251,42,9,31.2,2022-12-01,2022-12-13,72,0,115,106,11,52,0,0.38,0
252,27,2,28.0,2022-12-01,2022-12-13,17,0,78,129,77,84,0,0.284,0
253,24,2,24.4,2022-12-01,2022-12-13,69,55,98,90,99,80,14,0.249,0
254,25,0,35.8,2022-12-01,2022-12-13,5,0,5,86,42,68,32,0.238,0
255,44,12,27.6,2022-12-01,2022-12-13,51,258,49,92,100,62,7,0.926,1
256,21,1,33.6,2022-12-01,2022-12-13,73,0,31,113,102,64,35,0.543,1
257,30,3,30.1,2022-12-01,2022-12-13,14,0,138,111,122,56,39,0.557,0
258,25,2,28.7,2022-12-01,2022-12-13,86,0,157,114,96,68,22,0.092,0
259,24,1,25.9,2022-12-01,2022-12-13,73,375,85,193,1,50,16,0.655,0
260,51,11,33.3,2022-12-01,2022-12-13,39,150,182,155,32,76,28,1.353,1
261,34,3,30.9,2022-12-01,2022-12-13,96,130,143,191,65,68,15,0.299,0
262,27,3,30.0,2022-12-01,2022-12-13,83,0,23,141,89,0,0,0.761,1
263,24,4,32.1,2022-12-01,2022-12-13,76,0,74,95,82,70,32,0.612,0
264,63,3,32.4,2022-12-01,2022-12-13,42,0,16,142,5,80,15,0.2,0
265,35,4,32.0,2022-12-01,2022-12-13,95,0,115,123,3,62,0,0.226,1
266,43,5,33.6,2022-12-01,2022-12-13,82,67,115,96,40,74,18,0.997,0
267,25,0,36.3,2022-12-01,2022-12-13,27,0,188,138,83,0,0,0.933,1
268,24,2,40.0,2022-12-01,2022-12-13,11,0,101,128,106,64,42,1.101,0
269,21,0,25.1,2022-12-01,2022-12-13,69,0,50,102,7,52,0,0.078,0
270,28,2,27.5,2022-12-01,2022-12-13,90,0,110,146,119,0,0,0.24,1
271,38,10,45.6,2022-12-01,2022-12-13,18,0,50,101,54,86,37,1.136,1
272,21,2,25.2,2022-12-01,2022-12-13,71,56,127,108,99,62,32,0.128,0
273,40,3,23.0,2022-12-01,2022-12-13,69,0,148,122,95,78,0,0.254,0
274,21,1,33.2,2022-12-01,2022-12-13,76,45,147,71,94,78,50,0.422,0
275,52,13,34.2,2022-12-01,2022-12-13,99,0,160,106,86,70,0,0.251,0
276,25,2,40.5,2022-12-01,2022-12-13,78,57,74,100,66,70,52,0.677,0
277,29,7,26.5,2022-12-01,2022-12-13,2,0,68,106,102,60,24,0.296,1
278,23,0,27.8,2022-12-01,2022-12-13,20,116,45,104,113,64,23,0.454,0
279,57,5,24.9,2022-12-01,2022-12-13,63,0,137,114,49,74,0,0.744,0
280,22,2,25.3,2022-12-01,2022-12-13,20,278,198,108,32,62,10,0.881,0
281,28,0,37.9,2022-12-01,2022-12-13,74,0,144,146,33,70,0,0.334,1
282,39,10,35.9,2022-12-01,2022-12-13,22,122,199,129,87,76,28,0.28,0
283,37,7,32.4,2022-12-01,2022-12-13,87,155,14,133,120,88,15,0.262,0
284,47,7,30.4,2022-12-01,2022-12-13,57,0,112,161,13,86,0,0.165,1
285,52,2,27.0,2022-12-01,2022-12-13,23,0,63,108,18,80,0,0.259,1
286,51,7,26.0,2022-12-01,2022-12-13,45,135,153,136,43,74,26,0.647,0
287,34,5,38.7,2022-12-01,2022-12-13,4,545,157,155,4,84,44,0.619,0
288,29,1,45.6,2022-12-01,2022-12-13,13,220,149,119,54,86,39,0.808,1
289,26,4,20.8,2022-12-01,2022-12-13,34,49,154,96,27,56,17,0.34,0
290,33,5,36.1,2022-12-01,2022-12-13,81,75,6,108,115,72,43,0.263,0
291,21,0,36.9,2022-12-01,2022-12-13,38,40,115,78,26,88,29,0.434,0
292,25,0,36.6,2022-12-01,2022-12-13,95,74,2,107,85,62,30,0.757,1
293,31,2,43.3,2022-12-01,2022-12-13,13,182,21,128,28,78,37,1.224,1
294,24,1,40.5,2022-12-01,2022-12-13,62,194,5,128,86,48,45,0.613,1
295,65,0,21.9,2022-12-01,2022-12-13,56,0,147,161,38,50,0,0.254,0
296,28,6,35.5,2022-12-01,2022-12-13,96,120,152,151,92,62,31,0.692,0
297,29,2,28.0,2022-12-01,2022-12-13,7,360,193,146,104,70,38,0.337,1
298,24,0,30.7,2022-12-01,2022-12-13,42,215,86,126,86,84,29,0.52,0
299,46,14,36.6,2022-12-01,2022-12-13,17,184,186,100,31,78,25,0.412,1
300,58,8,23.6,2022-12-01,2022-12-13,2,0,99,112,79,72,0,0.84,0
301,30,0,32.3,2022-12-01,2022-12-13,11,0,187,167,5,0,0,0.839,1
302,25,2,31.6,2022-12-01,2022-12-13,34,135,64,144,46,58,33,0.422,1
303,35,5,35.8,2022-12-01,2022-12-13,67,42,24,77,37,82,41,0.156,0
304,28,5,52.9,2022-12-01,2022-12-13,97,0,10,115,121,98,0,0.209,1
305,37,3,21.0,2022-12-01,2022-12-13,80,0,6,150,62,76,0,0.207,0
306,29,2,39.7,2022-12-01,2022-12-13,38,105,176,120,4,76,37,0.215,0
307,47,10,25.5,2022-12-01,2022-12-13,62,132,26,161,80,68,23,0.326,1
308,21,0,24.8,2022-12-01,2022-12-13,42,148,23,137,121,68,14,0.143,0
309,25,0,30.5,2022-12-01,2022-12-13,96,180,9,128,46,68,19,1.391,1
310,30,2,32.9,2022-12-01,2022-12-13,20,205,58,124,39,68,28,0.875,1
311,41,6,26.2,2022-12-01,2022-12-13,62,0,148,80,29,66,30,0.313,0
312,22,0,39.4,2022-12-01,2022-12-13,62,148,30,106,115,70,37,0.605,0
313,27,2,26.6,2022-12-01,2022-12-13,44,96,66,155,81,74,17,0.433,1
314,25,3,29.5,2022-12-01,2022-12-13,35,85,12,113,112,50,10,0.626,0
315,43,7,35.9,2022-12-01,2022-12-13,0,0,194,109,85,80,31,1.127,1
316,26,2,34.1,2022-12-01,2022-12-13,77,94,95,112,44,68,22,0.315,0
317,30,3,19.3,2022-12-01,2022-12-13,64,64,154,99,71,80,11,0.284,0
318,29,3,30.5,2022-12-01,2022-12-13,59,0,75,182,41,74,0,0.345,1
319,28,3,38.1,2022-12-01,2022-12-13,42,140,160,115,6,66,39,0.15,0
320,59,6,23.5,2022-12-01,2022-12-13,63,0,108,194,104,78,0,0.129,1
321,31,4,27.5,2022-12-01,2022-12-13,92,231,194,129,103,60,12,0.527,0
322,25,3,31.6,2022-12-01,2022-12-13,97,0,54,112,81,74,30,0.197,1
323,36,0,27.4,2022-12-01,2022-12-13,37,0,23,124,74,70,20,0.254,1
324,43,13,26.8,2022-12-01,2022-12-13,93,29,44,152,46,90,33,0.731,1
325,21,2,35.7,2022-12-01,2022-12-13,10,0,107,112,49,75,32,0.148,0
326,24,1,25.6,2022-12-01,2022-12-13,61,168,159,157,62,72,21,0.123,0
327,30,1,35.1,2022-12-01,2022-12-13,53,156,199,122,110,64,32,0.692,1
328,37,10,35.1,2022-12-01,2022-12-13,43,0,199,179,111,70,0,0.2,0
329,23,2,45.5,2022-12-01,2022-12-13,1,120,8,102,101,86,36,0.127,1
330,37,6,30.8,2022-12-01,2022-12-13,30,68,187,105,108,70,32,0.122,0
331,46,8,23.1,2022-12-01,2022-12-13,19,0,167,118,119,72,19,1.476,0
332,25,2,32.7,2022-12-01,2022-12-13,71,52,92,87,40,58,16,0.166,0
333,41,1,43.3,2022-12-01,2022-12-13,31,0,21,180,26,0,0,0.282,1
334,44,12,23.6,2022-12-01,2022-12-13,1,0,176,106,99,80,0,0.137,0
335,22,1,23.9,2022-12-01,2022-12-13,57,58,132,95,119,60,18,0.26,0
336,26,0,47.9,2022-12-01,2022-12-13,83,255,77,165,99,76,43,0.259,0
337,44,0,33.8,2022-12-01,2022-12-13,55,0,156,117,78,0,0,0.932,0
338,44,5,31.2,2022-12-01,2022-12-13,79,0,109,115,71,76,0,0.343,1
339,33,9,34.2,2022-12-01,2022-12-13,58,171,137,152,57,78,34,0.893,1
340,41,7,39.9,2022-12-01,2022-12-13,9,0,140,178,55,84,0,0.331,1
341,22,1,25.9,2022-12-01,2022-12-13,52,105,150,130,86,70,13,0.472,0
342,36,1,25.9,2022-12-01,2022-12-13,56,73,75,95,38,74,21,0.673,0
343,22,1,32.0,2022-12-01,2022-12-13,11,0,122,0,29,68,35,0.389,0
344,33,5,34.7,2022-12-01,2022-12-13,89,0,19,122,35,86,0,0.29,0
345,57,8,36.8,2022-12-01,2022-12-13,88,0,137,95,23,72,0,0.485,0
346,49,8,38.5,2022-12-01,2022-12-13,52,108,167,126,24,88,36,0.349,0
347,22,1,28.7,2022-12-01,2022-12-13,40,83,47,139,40,46,19,0.654,0
348,23,3,23.5,2022-12-01,2022-12-13,80,0,23,116,104,0,0,0.187,0
349,26,3,21.8,2022-12-01,2022-12-13,62,74,9,99,30,62,19,0.279,0
350,37,5,41.0,2022-12-01,2022-12-13,65,0,79,0,16,80,32,0.346,1
351,29,4,42.2,2022-12-01,2022-12-13,92,0,80,92,69,80,0,0.237,0
352,30,4,31.2,2022-12-01,2022-12-13,19,0,88,137,69,84,0,0.252,0
353,46,3,34.4,2022-12-01,2022-12-13,10,0,101,61,10,82,28,0.243,0
354,24,1,27.2,2022-12-01,2022-12-13,71,43,13,90,43,62,12,0.58,0
355,21,3,42.7,2022-12-01,2022-12-13,55,0,168,90,18,78,0,0.559,0
356,49,9,30.4,2022-12-01,2022-12-13,51,0,97,165,28,88,0,0.302,1
357,28,1,33.3,2022-12-01,2022-12-13,65,167,89,125,61,50,40,0.962,1
358,44,13,39.9,2022-12-01,2022-12-13,75,0,54,129,94,0,30,0.569,1
359,48,12,35.3,2022-12-01,2022-12-13,26,54,16,88,20,74,40,0.378,0
360,29,1,36.5,2022-12-01,2022-12-13,98,249,89,196,102,76,36,0.875,1
361,29,5,31.2,2022-12-01,2022-12-13,80,325,92,189,99,64,33,0.583,1
362,63,5,29.8,2022-12-01,2022-12-13,5,0,139,158,106,70,0,0.207,0
363,65,5,39.2,2022-12-01,2022-12-13,87,0,15,103,77,108,37,0.305,0
364,67,4,38.5,2022-12-01,2022-12-13,79,0,185,146,100,78,0,0.52,1
365,30,4,34.9,2022-12-01,2022-12-13,81,293,13,147,30,74,25,0.385,0
366,30,5,34.0,2022-12-01,2022-12-13,52,83,132,99,69,54,28,0.499,0
367,29,6,27.6,2022-12-01,2022-12-13,62,0,50,124,72,72,0,0.368,1
368,21,0,21.0,2022-12-01,2022-12-13,35,0,7,101,28,64,17,0.252,0
369,22,3,27.5,2022-12-01,2022-12-13,9,66,53,81,80,86,16,0.306,0
370,45,1,32.8,2022-12-01,2022-12-13,59,140,138,133,86,102,28,0.234,1
371,25,3,38.4,2022-12-01,2022-12-13,36,465,9,173,24,82,48,2.137,1
372,21,0,0.0,2022-12-01,2022-12-13,70,89,63,118,3,64,23,1.731,0
373,21,0,35.8,2022-12-01,2022-12-13,68,66,139,84,45,64,22,0.545,0
374,25,2,34.9,2022-12-01,2022-12-13,99,94,129,105,69,58,40,0.225,0
375,28,2,36.2,2022-12-01,2022-12-13,0,158,44,122,26,52,43,0.816,0
376,58,12,39.2,2022-12-01,2022-12-13,66,325,20,140,55,82,43,0.528,1
377,22,0,25.2,2022-12-01,2022-12-13,18,84,195,98,90,82,15,0.299,0
378,22,1,37.2,2022-12-01,2022-12-13,1,75,175,87,32,60,37,0.509,0
379,32,4,48.3,2022-12-01,2022-12-13,14,0,180,156,22,75,0,0.238,1
380,35,0,43.4,2022-12-01,2022-12-13,26,72,115,93,114,100,39,1.021,0
381,24,1,30.8,2022-12-01,2022-12-13,81,82,112,107,80,72,30,0.821,0
382,22,0,20.0,2022-12-01,2022-12-13,13,0,134,105,45,68,22,0.236,0
383,21,1,25.4,2022-12-01,2022-12-13,1,182,98,109,60,60,8,0.947,0
384,25,1,25.1,2022-12-01,2022-12-13,59,59,3,90,105,62,18,1.268,0
385,25,1,24.3,2022-12-01,2022-12-13,20,110,31,125,50,70,24,0.221,0
386,24,1,22.3,2022-12-01,2022-12-13,1,50,193,119,118,54,13,0.205,0
387,35,5,32.3,2022-12-01,2022-12-13,20,0,86,116,89,74,29,0.66,1
388,45,8,43.3,2022-12-01,2022-12-13,28,0,60,105,108,100,36,0.239,1
389,58,5,32.0,2022-12-01,2022-12-13,70,285,36,144,61,82,26,0.452,1
390,28,3,31.6,2022-12-01,2022-12-13,100,81,118,100,28,68,23,0.949,0
391,42,1,32.0,2022-12-01,2022-12-13,6,196,102,100,76,66,29,0.444,0
392,27,5,45.7,2022-12-01,2022-12-13,54,0,25,166,75,76,0,0.34,1
393,21,1,23.7,2022-12-01,2022-12-13,49,415,103,131,40,64,14,0.389,0
394,37,4,22.1,2022-12-01,2022-12-13,37,87,153,116,8,72,12,0.463,0
395,31,4,32.9,2022-12-01,2022-12-13,8,0,42,158,16,78,0,0.803,1
396,25,2,27.7,2022-12-01,2022-12-13,9,275,165,127,43,58,24,1.6,0
397,39,3,24.7,2022-12-01,2022-12-13,76,115,35,96,105,56,34,0.944,0
398,22,0,34.3,2022-12-01,2022-12-13,87,0,187,131,51,66,40,0.196,1
399,25,3,21.1,2022-12-01,2022-12-13,86,0,160,82,88,70,0,0.389,0
400,25,3,34.9,2022-12-01,2022-12-13,98,0,15,193,4,70,31,0.241,1
401,31,4,32.0,2022-12-01,2022-12-13,38,0,165,95,13,64,0,0.161,1
402,55,6,24.2,2022-12-01,2022-12-13,77,0,33,137,122,61,0,0.151,0
403,35,5,35.0,2022-12-01,2022-12-13,83,88,24,136,84,84,41,0.286,1
404,38,9,31.6,2022-12-01,2022-12-13,20,0,114,72,52,78,25,0.28,0
405,41,5,32.9,2022-12-01,2022-12-13,92,0,25,168,55,64,0,0.135,1
406,26,2,42.1,2022-12-01,2022-12-13,95,165,198,123,42,48,32,0.52,0
407,46,4,28.9,2022-12-01,2022-12-13,71,0,160,115,105,72,0,0.376,1
408,25,0,21.9,2022-12-01,2022-12-13,32,0,87,101,100,62,0,0.336,0
409,39,8,25.9,2022-12-01,2022-12-13,47,0,141,197,115,74,0,1.191,1
410,28,1,42.4,2022-12-01,2022-12-13,92,579,122,172,5,68,49,0.702,1
411,28,6,35.7,2022-12-01,2022-12-13,2,0,56,102,100,90,39,0.674,0
412,25,1,34.4,2022-12-01,2022-12-13,69,176,114,112,82,72,30,0.528,0
413,22,1,42.4,2022-12-01,2022-12-13,62,310,22,143,22,84,23,1.076,0
414,21,1,26.2,2022-12-01,2022-12-13,6,61,24,143,12,74,22,0.256,0
415,21,0,34.6,2022-12-01,2022-12-13,20,167,151,138,84,60,35,0.534,1
416,22,3,35.7,2022-12-01,2022-12-13,86,474,160,173,11,84,33,0.258,1
417,22,1,27.2,2022-12-01,2022-12-13,15,0,164,97,51,68,21,1.095,0
418,37,4,38.5,2022-12-01,2022-12-13,97,0,109,144,83,82,32,0.554,1
419,27,1,18.2,2022-12-01,2022-12-13,29,0,106,83,42,68,0,0.624,0
420,28,3,26.4,2022-12-01,2022-12-13,28,115,71,129,2,64,29,0.219,1
421,26,1,45.3,2022-12-01,2022-12-13,7,170,7,119,67,88,41,0.507,0
422,21,2,26.0,2022-12-01,2022-12-13,96,76,0,94,104,68,18,0.561,0
423,21,0,40.6,2022-12-01,2022-12-13,11,78,185,102,82,64,46,0.496,0
424,21,2,30.8,2022-12-01,2022-12-13,38,0,91,115,30,64,22,0.421,0
425,36,8,42.9,2022-12-01,2022-12-13,53,210,182,151,108,78,32,0.516,1
426,31,4,37.0,2022-12-01,2022-12-13,10,277,81,184,52,78,39,0.264,1
427,25,0,0.0,2022-12-01,2022-12-13,68,0,92,94,56,0,0,0.256,0
428,38,1,34.1,2022-12-01,2022-12-13,78,180,150,181,49,64,30,0.328,1
429,26,0,40.6,2022-12-01,2022-12-13,0,145,133,135,64,94,46,0.284,0
430,43,1,35.0,2022-12-01,2022-12-13,13,180,76,95,63,82,25,0.233,1
431,23,2,22.2,2022-12-01,2022-12-13,61,0,185,99,6,0,0,0.108,0
432,38,3,30.4,2022-12-01,2022-12-13,15,85,7,89,75,74,16,0.551,0
433,22,1,30.0,2022-12-01,2022-12-13,24,60,41,80,107,74,11,0.527,0
434,29,2,25.6,2022-12-01,2022-12-13,37,0,108,139,110,75,0,0.167,0
435,36,1,24.5,2022-12-01,2022-12-13,31,0,147,90,12,68,8,1.138,0
436,29,0,42.4,2022-12-01,2022-12-13,92,0,165,141,73,0,0,0.205,1
437,41,12,37.4,2022-12-01,2022-12-13,60,0,148,140,38,85,33,0.244,0
438,28,5,29.9,2022-12-01,2022-12-13,87,0,21,147,64,75,0,0.434,0
439,21,1,18.2,2022-12-01,2022-12-13,30,0,153,97,15,70,15,0.147,0
440,31,6,36.8,2022-12-01,2022-12-13,53,0,174,107,101,88,0,0.727,0
441,41,0,34.3,2022-12-01,2022-12-13,45,0,191,189,93,104,25,0.435,1
442,22,2,32.2,2022-12-01,2022-12-13,66,50,68,83,49,66,23,0.497,0
443,24,4,33.2,2022-12-01,2022-12-13,3,120,33,117,107,64,27,0.23,0
444,33,8,30.5,2022-12-01,2022-12-13,62,0,56,108,31,70,0,0.955,1
445,30,4,29.7,2022-12-01,2022-12-13,20,0,147,117,92,62,12,0.38,1
446,25,0,59.4,2022-12-01,2022-12-13,51,14,190,180,42,78,63,2.42,1
447,28,1,25.3,2022-12-01,2022-12-13,85,70,75,100,46,72,12,0.658,0
448,26,0,36.5,2022-12-01,2022-12-13,49,92,84,95,27,80,45,0.33,0
449,22,0,33.6,2022-12-01,2022-12-13,99,64,3,104,35,64,37,0.51,1
450,26,0,30.5,2022-12-01,2022-12-13,18,63,153,120,64,74,18,0.285,0
451,23,1,21.2,2022-12-01,2022-12-13,33,95,37,82,112,64,13,0.415,0
452,23,2,28.9,2022-12-01,2022-12-13,10,0,79,134,79,70,0,0.542,1
453,25,0,39.9,2022-12-01,2022-12-13,38,210,94,91,68,68,32,0.381,0
454,72,2,19.6,2022-12-01,2022-12-13,15,0,196,119,12,0,0,0.832,0
455,24,2,37.8,2022-12-01,2022-12-13,44,105,139,100,29,54,28,0.498,0
456,38,14,33.6,2022-12-01,2022-12-13,96,0,2,175,60,62,30,0.212,1
457,62,1,26.7,2022-12-01,2022-12-13,20,0,169,135,93,54,0,0.687,0
458,24,5,30.2,2022-12-01,2022-12-13,55,71,28,86,115,68,28,0.364,0
459,51,10,37.6,2022-12-01,2022-12-13,63,237,198,148,35,84,48,1.001,1
460,81,9,25.9,2022-12-01,2022-12-13,76,60,55,134,119,74,33,0.46,0
461,48,9,20.8,2022-12-01,2022-12-13,88,56,194,120,120,72,22,0.733,0
462,26,1,21.8,2022-12-01,2022-12-13,0,0,171,71,102,62,0,0.416,0
463,39,8,35.3,2022-12-01,2022-12-13,98,49,114,74,59,70,40,0.705,0
464,37,5,27.6,2022-12-01,2022-12-13,57,0,49,88,84,78,30,0.258,0
465,34,10,24.0,2022-12-01,2022-12-13,32,0,117,115,89,98,0,1.022,0
466,21,0,21.8,2022-12-01,2022-12-13,87,105,193,124,107,56,13,0.452,0
467,22,0,27.8,2022-12-01,2022-12-13,91,36,73,74,118,52,10,0.269,0
468,25,0,36.8,2022-12-01,2022-12-13,81,100,97,97,7,64,36,0.6,0
469,38,8,30.0,2022-12-01,2022-12-13,6,0,196,120,120,0,0,0.183,1
470,27,6,46.1,2022-12-01,2022-12-13,76,140,115,154,72,78,41,0.571,0
471,28,1,41.3,2022-12-01,2022-12-13,19,0,96,144,13,82,40,0.607,0
472,22,0,33.2,2022-12-01,2022-12-13,73,0,106,137,22,70,38,0.17,0
473,22,0,38.8,2022-12-01,2022-12-13,50,0,136,119,47,66,27,0.259,0
474,50,7,29.9,2022-12-01,2022-12-13,39,0,44,136,106,90,0,0.21,0
475,24,4,28.9,2022-12-01,2022-12-13,82,0,121,114,37,64,0,0.126,0
476,59,0,27.3,2022-12-01,2022-12-13,85,0,13,137,62,84,27,0.231,0
477,29,2,33.7,2022-12-01,2022-12-13,9,191,175,105,28,80,45,0.711,1
478,31,7,23.8,2022-12-01,2022-12-13,70,110,168,114,101,76,17,0.466,0
479,39,8,25.9,2022-12-01,2022-12-13,46,75,189,126,110,74,38,0.162,0
480,63,4,28.0,2022-12-01,2022-12-13,1,0,199,132,15,86,31,0.419,0
481,35,3,35.5,2022-12-01,2022-12-13,10,328,161,158,47,70,30,0.344,1
482,29,0,35.2,2022-12-01,2022-12-13,33,0,63,123,71,88,37,0.197,0
483,28,4,27.8,2022-12-01,2022-12-13,2,49,48,85,48,58,22,0.306,0
484,23,0,38.2,2022-12-01,2022-12-13,58,125,162,84,113,82,31,0.233,0
485,31,0,44.2,2022-12-01,2022-12-13,27,0,177,145,50,0,0,0.63,1
486,24,0,42.3,2022-12-01,2022-12-13,26,250,42,135,115,68,42,0.365,1
487,21,1,40.7,2022-12-01,2022-12-13,21,480,29,139,84,62,41,0.536,0
488,58,0,46.5,2022-12-01,2022-12-13,46,265,87,173,110,78,32,1.159,0
489,28,4,25.6,2022-12-01,2022-12-13,40,0,183,99,98,72,17,0.294,0
490,67,8,26.1,2022-12-01,2022-12-13,45,0,115,194,7,80,0,0.551,0
491,24,2,36.8,2022-12-01,2022-12-13,82,66,102,83,80,65,28,0.629,0
492,42,2,33.5,2022-12-01,2022-12-13,12,0,189,89,90,90,30,0.292,0
493,33,4,32.8,2022-12-01,2022-12-13,51,0,11,99,37,68,38,0.145,0
494,45,4,28.9,2022-12-01,2022-12-13,87,122,169,125,85,70,18,1.144,1
495,22,3,0.0,2022-12-01,2022-12-13,81,0,125,80,44,0,0,0.174,0
496,66,6,26.6,2022-12-01,2022-12-13,53,0,36,166,68,74,0,0.304,0
497,30,5,26.0,2022-12-01,2022-12-13,31,0,160,110,98,68,0,0.292,0
498,25,2,30.1,2022-12-01,2022-12-13,56,76,152,81,115,72,15,0.547,0
499,55,7,25.1,2022-12-01,2022-12-13,45,145,102,195,21,70,33,0.163,1
500,39,6,29.3,2022-12-01,2022-12-13,91,193,155,154,61,74,32,0.839,0
501,21,2,25.2,2022-12-01,2022-12-13,9,71,150,117,3,90,19,0.313,0
502,28,3,37.2,2022-12-01,2022-12-13,54,0,116,84,117,72,32,0.267,0
503,41,6,39.0,2022-12-01,2022-12-13,1,0,60,0,88,68,41,0.727,1
504,41,7,33.3,2022-12-01,2022-12-13,7,79,142,94,2,64,25,0.738,0
505,40,3,37.3,2022-12-01,2022-12-13,6,0,120,96,95,78,39,0.238,0
506,38,10,33.3,2022-12-01,2022-12-13,96,0,155,75,5,82,0,0.263,0
507,35,0,36.5,2022-12-01,2022-12-13,79,90,134,180,43,90,26,0.314,1
508,21,1,28.6,2022-12-01,2022-12-13,40,170,109,130,6,60,23,0.692,0
509,21,2,30.4,2022-12-01,2022-12-13,1,76,56,84,104,50,23,0.968,0
510,64,8,25.0,2022-12-01,2022-12-13,25,0,118,120,79,78,0,0.409,0
511,46,12,29.7,2022-12-01,2022-12-13,95,0,27,84,26,72,31,0.297,1
512,21,0,22.1,2022-12-01,2022-12-13,49,210,72,139,26,62,17,0.207,0
513,58,9,24.2,2022-12-01,2022-12-13,32,0,136,91,53,68,0,0.2,0
514,22,2,27.3,2022-12-01,2022-12-13,80,0,53,91,16,62,0,0.525,0
515,24,3,25.6,2022-12-01,2022-12-13,36,86,18,99,64,54,19,0.154,0
516,28,3,31.6,2022-12-01,2022-12-13,49,105,99,163,107,70,18,0.268,1
517,53,9,30.3,2022-12-01,2022-12-13,86,165,122,145,28,88,34,0.771,1
518,51,7,37.6,2022-12-01,2022-12-13,94,0,178,125,6,86,0,0.304,0
519,41,13,32.8,2022-12-01,2022-12-13,97,0,177,76,31,60,0,0.18,0
520,60,6,19.6,2022-12-01,2022-12-13,60,326,0,129,55,90,7,0.582,0
521,25,2,25.0,2022-12-01,2022-12-13,46,66,72,68,87,70,32,0.187,0
522,26,3,33.2,2022-12-01,2022-12-13,21,130,98,124,57,80,33,0.305,0
523,26,6,0.0,2022-12-01,2022-12-13,21,0,130,114,24,0,0,0.189,0
524,45,9,34.2,2022-12-01,2022-12-13,100,0,64,130,62,70,0,0.652,1
525,24,3,31.6,2022-12-01,2022-12-13,99,0,52,125,94,58,0,0.151,0
526,21,3,21.8,2022-12-01,2022-12-13,70,0,35,87,104,60,18,0.444,0
527,21,1,18.2,2022-12-01,2022-12-13,18,82,197,97,17,64,19,0.299,0
528,24,3,26.3,2022-12-01,2022-12-13,89,105,85,116,54,74,15,0.107,0
529,22,0,30.8,2022-12-01,2022-12-13,2,188,49,117,49,66,31,0.493,0
530,31,0,24.6,2022-12-01,2022-12-13,60,0,22,111,104,65,0,0.66,0
531,22,2,29.8,2022-12-01,2022-12-13,65,106,52,122,48,60,18,0.717,0
532,24,0,45.3,2022-12-01,2022-12-13,71,0,105,107,8,76,0,0.686,0
533,29,1,41.3,2022-12-01,2022-12-13,3,65,195,86,7,66,52,0.917,0
534,31,6,29.8,2022-12-01,2022-12-13,66,0,134,91,51,0,0,0.501,0
535,24,1,33.3,2022-12-01,2022-12-13,0,56,102,77,108,56,30,1.251,0
536,23,4,32.9,2022-12-01,2022-12-13,52,0,25,132,58,0,0,0.302,1
537,46,0,29.6,2022-12-01,2022-12-13,74,0,28,105,66,90,0,0.197,0
538,67,0,21.7,2022-12-01,2022-12-13,80,0,87,57,20,60,0,0.735,0
539,23,0,36.3,2022-12-01,2022-12-13,21,210,161,127,114,80,37,0.804,0
540,32,3,36.4,2022-12-01,2022-12-13,65,155,107,129,54,92,49,0.968,1
541,43,8,39.4,2022-12-01,2022-12-13,21,215,27,100,66,74,40,0.661,1
542,27,3,32.4,2022-12-01,2022-12-13,17,190,142,128,22,72,25,0.549,1
543,56,10,34.9,2022-12-01,2022-12-13,42,0,109,90,78,85,32,0.825,1
544,25,4,39.5,2022-12-01,2022-12-13,43,56,116,84,103,90,23,0.159,0
545,29,1,32.0,2022-12-01,2022-12-13,85,76,177,88,108,78,29,0.365,0
546,37,8,34.5,2022-12-01,2022-12-13,49,225,138,186,38,90,35,0.423,1
547,53,5,43.6,2022-12-01,2022-12-13,73,207,84,187,103,76,27,1.034,1
548,28,4,33.1,2022-12-01,2022-12-13,85,166,81,131,76,68,21,0.16,0
549,50,1,32.8,2022-12-01,2022-12-13,57,67,91,164,17,82,43,0.341,0
550,37,4,28.5,2022-12-01,2022-12-13,66,0,169,189,78,110,31,0.68,0
551,21,1,27.4,2022-12-01,2022-12-13,20,0,137,116,85,70,28,0.204,0
552,25,3,31.9,2022-12-01,2022-12-13,21,106,80,84,48,68,30,0.591,0
553,66,6,27.8,2022-12-01,2022-12-13,40,0,15,114,34,88,0,0.247,0
554,23,1,29.9,2022-12-01,2022-12-13,86,44,136,88,93,62,24,0.422,0
555,28,1,36.9,2022-12-01,2022-12-13,77,115,120,84,58,64,23,0.471,0
556,37,7,25.5,2022-12-01,2022-12-13,39,215,138,124,70,70,33,0.161,0
557,30,1,38.1,2022-12-01,2022-12-13,85,0,29,97,31,70,40,0.218,0
558,58,8,27.8,2022-12-01,2022-12-13,40,0,76,110,80,76,0,0.237,0
559,42,11,46.2,2022-12-01,2022-12-13,27,0,118,103,12,68,40,0.126,0
560,35,11,30.1,2022-12-01,2022-12-13,25,0,122,85,41,74,0,0.3,0
561,54,6,33.8,2022-12-01,2022-12-13,80,0,200,125,85,76,0,0.121,1
562,28,0,41.3,2022-12-01,2022-12-13,6,274,81,198,75,66,32,0.502,1
563,24,1,37.6,2022-12-01,2022-12-13,92,77,99,87,61,68,34,0.401,0
564,32,6,26.9,2022-12-01,2022-12-13,80,54,85,99,109,60,19,0.497,0
565,27,0,32.4,2022-12-01,2022-12-13,30,0,112,91,83,80,0,0.601,0
566,22,2,26.1,2022-12-01,2022-12-13,56,88,29,95,98,54,14,0.748,0
567,21,1,38.6,2022-12-01,2022-12-13,60,18,124,99,57,72,30,0.412,0
568,46,6,32.0,2022-12-01,2022-12-13,28,126,11,92,17,62,32,0.085,0
569,37,4,31.3,2022-12-01,2022-12-13,58,126,187,154,61,72,29,0.338,0
570,33,0,34.3,2022-12-01,2022-12-13,30,165,121,121,25,66,30,0.203,1
571,39,3,32.5,2022-12-01,2022-12-13,83,0,34,78,102,70,0,0.27,0
572,21,2,22.6,2022-12-01,2022-12-13,16,0,72,130,10,96,0,0.268,0
573,22,3,29.5,2022-12-01,2022-12-13,11,44,198,111,25,58,31,0.43,0
574,22,2,34.7,2022-12-01,2022-12-13,91,120,95,98,103,60,17,0.198,0
575,23,1,30.1,2022-12-01,2022-12-13,92,330,67,143,52,86,30,0.892,0
576,25,1,35.5,2022-12-01,2022-12-13,48,63,52,119,119,44,47,0.28,0
577,35,6,24.0,2022-12-01,2022-12-13,6,130,137,108,96,44,20,0.813,0
578,21,2,42.9,2022-12-01,2022-12-13,60,0,122,118,105,80,0,0.693,1
579,36,10,27.0,2022-12-01,2022-12-13,35,0,54,133,42,68,0,0.245,0
580,62,2,34.7,2022-12-01,2022-12-13,33,0,80,197,73,70,99,0.575,1
581,21,0,42.1,2022-12-01,2022-12-13,3,0,81,151,12,90,46,0.371,1
582,27,6,25.0,2022-12-01,2022-12-13,10,0,2,109,67,60,27,0.206,0
583,62,12,26.5,2022-12-01,2022-12-13,72,0,106,121,70,78,17,0.259,0
584,42,8,38.7,2022-12-01,2022-12-13,6,0,33,100,88,76,0,0.19,0
585,52,8,28.7,2022-12-01,2022-12-13,12,600,0,124,20,76,24,0.687,1
586,22,1,22.5,2022-12-01,2022-12-13,22,0,20,93,55,56,11,0.417,0
587,41,8,34.9,2022-12-01,2022-12-13,74,0,116,143,114,66,0,0.129,1
588,29,6,24.3,2022-12-01,2022-12-13,35,0,168,103,42,66,0,0.249,0
589,52,3,33.3,2022-12-01,2022-12-13,61,156,164,176,58,86,27,1.154,1
590,25,0,21.1,2022-12-01,2022-12-13,3,0,58,73,94,0,0,0.342,0
591,45,11,46.8,2022-12-01,2022-12-13,95,0,196,111,73,84,40,0.925,1
592,24,2,39.4,2022-12-01,2022-12-13,63,140,194,112,108,78,50,0.175,0
593,44,3,34.4,2022-12-01,2022-12-13,77,0,118,132,95,80,0,0.402,1
594,25,2,28.5,2022-12-01,2022-12-13,72,115,145,82,89,52,22,1.699,0
595,34,6,33.6,2022-12-01,2022-12-13,36,230,56,123,52,72,45,0.733,0
596,22,0,32.0,2022-12-01,2022-12-13,30,185,53,188,41,82,14,0.682,1
597,46,0,45.3,2022-12-01,2022-12-13,53,0,43,67,13,76,0,0.194,0
598,21,1,27.8,2022-12-01,2022-12-13,33,25,94,89,98,24,19,0.559,0
599,38,1,36.8,2022-12-01,2022-12-13,60,0,94,173,93,74,0,0.088,1
600,26,1,23.1,2022-12-01,2022-12-13,36,120,188,109,114,38,18,0.407,0
601,24,1,27.1,2022-12-01,2022-12-13,7,0,83,108,57,88,19,0.4,0
602,28,6,23.7,2022-12-01,2022-12-13,15,0,142,96,30,0,0,0.19,0
603,30,1,27.8,2022-12-01,2022-12-13,65,0,110,124,26,74,36,0.1,0
604,54,7,35.2,2022-12-01,2022-12-13,71,126,4,150,5,78,29,0.692,1
605,36,4,28.4,2022-12-01,2022-12-13,45,0,181,183,100,0,0,0.212,1
606,21,1,35.8,2022-12-01,2022-12-13,15,0,184,124,19,60,32,0.514,0
607,22,1,40.0,2022-12-01,2022-12-13,69,293,2,181,66,78,42,1.258,1
608,25,1,19.5,2022-12-01,2022-12-13,55,41,33,92,77,62,25,0.482,0
609,27,0,41.5,2022-12-01,2022-12-13,4,272,10,152,105,82,39,0.27,0
610,23,1,24.0,2022-12-01,2022-12-13,63,182,182,111,25,62,13,0.138,0
611,24,3,30.9,2022-12-01,2022-12-13,63,158,14,106,49,54,21,0.292,0
612,36,3,32.9,2022-12-01,2022-12-13,14,194,157,174,21,58,22,0.593,1
613,40,7,38.2,2022-12-01,2022-12-13,49,321,196,168,44,88,42,0.787,1
614,26,6,32.5,2022-12-01,2022-12-13,49,0,144,105,1,80,28,0.878,0
615,50,11,36.1,2022-12-01,2022-12-13,50,144,41,138,81,74,26,0.557,1
616,27,3,25.8,2022-12-01,2022-12-13,43,0,56,106,102,72,0,0.207,0
617,30,6,28.7,2022-12-01,2022-12-13,5,0,51,117,76,96,0,0.157,0
618,23,2,20.1,2022-12-01,2022-12-13,78,15,153,68,110,62,13,0.257,0
619,50,9,28.2,2022-12-01,2022-12-13,70,0,104,112,103,82,24,1.282,1
620,24,0,32.4,2022-12-01,2022-12-13,23,0,98,119,113,0,0,0.141,1
621,28,2,38.4,2022-12-01,2022-12-13,54,160,65,112,89,86,42,0.246,0
622,28,2,24.2,2022-12-01,2022-12-13,45,0,70,92,117,76,20,1.698,0
623,45,6,40.8,2022-12-01,2022-12-13,53,0,150,183,36,94,0,1.461,0
624,21,0,43.5,2022-12-01,2022-12-13,40,115,181,94,98,70,27,0.347,0
625,21,2,30.8,2022-12-01,2022-12-13,39,0,2,108,66,64,0,0.158,0
626,29,4,37.7,2022-12-01,2022-12-13,81,54,0,90,83,88,47,0.362,0
627,21,0,24.7,2022-12-01,2022-12-13,45,0,174,125,116,68,0,0.206,0
628,21,0,32.4,2022-12-01,2022-12-13,66,0,140,132,54,78,0,0.393,0
629,45,5,34.6,2022-12-01,2022-12-13,14,0,132,128,24,80,0,0.144,0
630,21,4,24.7,2022-12-01,2022-12-13,21,0,64,94,10,65,22,0.148,0
631,34,7,27.4,2022-12-01,2022-12-13,44,0,138,114,90,64,0,0.732,1
632,24,0,34.5,2022-12-01,2022-12-13,57,90,179,102,110,78,40,0.238,0
633,23,2,26.2,2022-12-01,2022-12-13,33,0,187,111,102,60,0,0.343,0
634,22,1,27.5,2022-12-01,2022-12-13,17,183,164,128,37,82,17,0.115,0
635,31,10,25.9,2022-12-01,2022-12-13,16,0,57,92,114,62,0,0.167,0
636,38,13,31.2,2022-12-01,2022-12-13,2,0,144,104,74,72,0,0.465,1
637,48,5,28.8,2022-12-01,2022-12-13,67,0,74,104,80,74,0,0.153,0
638,23,2,31.6,2022-12-01,2022-12-13,69,66,70,94,77,76,18,0.649,0
639,32,7,40.9,2022-12-01,2022-12-13,39,91,194,97,30,76,32,0.871,1
640,28,1,19.5,2022-12-01,2022-12-13,87,46,125,100,84,74,12,0.149,0
641,27,0,29.3,2022-12-01,2022-12-13,7,105,63,102,18,86,17,0.695,0
642,24,4,34.3,2022-12-01,2022-12-13,38,0,114,128,89,70,0,0.303,0
643,50,6,29.5,2022-12-01,2022-12-13,6,0,12,147,46,80,0,0.178,1
644,31,4,28.0,2022-12-01,2022-12-13,2,0,21,90,43,0,0,0.61,0
645,27,3,27.6,2022-12-01,2022-12-13,25,152,136,103,103,72,30,0.73,0
646,30,2,39.4,2022-12-01,2022-12-13,63,440,66,157,67,74,35,0.134,0
647,33,1,23.4,2022-12-01,2022-12-13,30,144,2,167,3,74,17,0.447,1
648,22,0,37.8,2022-12-01,2022-12-13,95,159,96,179,101,50,36,0.455,1
649,42,11,28.3,2022-12-01,2022-12-13,80,130,131,136,93,84,35,0.26,1
650,23,0,26.4,2022-12-01,2022-12-13,83,0,177,107,75,60,25,0.133,0
651,23,1,25.2,2022-12-01,2022-12-13,88,100,126,91,113,54,25,0.234,0
652,27,1,33.8,2022-12-01,2022-12-13,26,106,162,117,112,60,23,0.466,0
653,28,5,34.1,2022-12-01,2022-12-13,43,77,86,123,63,74,40,0.269,0
654,27,2,26.8,2022-12-01,2022-12-13,91,0,25,120,55,54,0,0.455,0
655,22,1,34.2,2022-12-01,2022-12-13,33,135,106,106,117,70,28,0.142,0
656,25,2,38.7,2022-12-01,2022-12-13,75,540,27,155,40,52,27,0.24,1
657,22,2,21.8,2022-12-01,2022-12-13,91,90,75,101,122,58,35,0.155,0
658,41,1,38.9,2022-12-01,2022-12-13,45,200,55,120,24,80,48,1.162,0
659,51,11,39.0,2022-12-01,2022-12-13,87,0,185,127,4,106,0,0.19,0
660,27,3,34.2,2022-12-01,2022-12-13,26,70,187,80,19,82,31,1.292,1
661,54,10,27.7,2022-12-01,2022-12-13,51,0,147,162,25,84,0,0.182,0
662,22,1,42.9,2022-12-01,2022-12-13,40,0,136,199,49,76,43,1.394,1
663,43,8,37.6,2022-12-01,2022-12-13,11,231,8,167,97,106,46,0.165,1
664,40,9,37.9,2022-12-01,2022-12-13,54,130,130,145,50,80,46,0.637,1
665,40,6,33.7,2022-12-01,2022-12-13,4,0,3,115,42,60,39,0.245,1
666,24,1,34.8,2022-12-01,2022-12-13,6,132,48,112,55,80,45,0.217,0
667,70,4,32.5,2022-12-01,2022-12-13,64,0,146,145,36,82,18,0.235,1
668,40,10,27.5,2022-12-01,2022-12-13,66,0,50,111,107,70,27,0.141,1
669,43,6,34.0,2022-12-01,2022-12-13,90,190,96,98,23,58,33,0.43,0
670,45,9,30.9,2022-12-01,2022-12-13,8,100,142,154,118,78,30,0.164,0
671,49,6,33.6,2022-12-01,2022-12-13,83,168,60,165,115,68,26,0.631,0
672,21,1,25.4,2022-12-01,2022-12-13,30,0,55,99,42,58,10,0.551,0
673,47,10,35.5,2022-12-01,2022-12-13,82,49,53,68,94,106,23,0.285,0
674,22,3,57.3,2022-12-01,2022-12-13,15,240,174,123,50,100,35,0.88,0
675,68,8,35.6,2022-12-01,2022-12-13,93,0,125,91,50,82,0,0.587,0
676,31,6,30.9,2022-12-01,2022-12-13,88,0,137,195,103,70,0,0.328,1
677,53,9,24.8,2022-12-01,2022-12-13,63,0,15,156,20,86,0,0.23,1
678,25,0,35.3,2022-12-01,2022-12-13,83,0,137,93,86,60,0,0.263,0
679,25,3,36.0,2022-12-01,2022-12-13,72,0,12,121,25,52,0,0.127,1
680,23,2,24.2,2022-12-01,2022-12-13,18,265,141,101,119,58,17,0.614,0
681,22,2,24.2,2022-12-01,2022-12-13,23,45,3,56,87,56,28,0.332,0
682,26,0,49.6,2022-12-01,2022-12-13,31,0,168,162,53,76,36,0.364,1
683,22,0,44.6,2022-12-01,2022-12-13,33,105,30,95,121,64,39,0.366,0
684,27,4,32.3,2022-12-01,2022-12-13,14,0,111,125,25,80,0,0.536,1
685,69,5,0.0,2022-12-01,2022-12-13,72,0,112,136,69,82,0,0.64,0
686,25,2,33.2,2022-12-01,2022-12-13,3,205,100,129,42,74,26,0.591,0
687,22,3,23.1,2022-12-01,2022-12-13,45,0,188,130,28,64,0,0.314,0
688,29,1,28.3,2022-12-01,2022-12-13,32,0,167,107,27,50,19,0.181,0
689,23,1,24.1,2022-12-01,2022-12-13,2,180,160,140,45,74,26,0.828,0
690,46,1,46.1,2022-12-01,2022-12-13,15,180,124,144,88,82,46,0.335,1
691,34,8,24.6,2022-12-01,2022-12-13,6,0,70,107,117,80,0,0.856,0
692,44,13,42.3,2022-12-01,2022-12-13,31,0,195,158,87,114,0,0.257,1
693,23,2,39.1,2022-12-01,2022-12-13,57,95,167,121,109,70,32,0.886,0
694,43,7,38.5,2022-12-01,2022-12-13,55,125,105,129,17,68,49,0.439,1
695,25,2,23.5,2022-12-01,2022-12-13,13,0,14,90,38,60,0,0.191,0
696,43,7,30.4,2022-12-01,2022-12-13,26,480,80,142,32,90,24,0.128,1
697,31,3,29.9,2022-12-01,2022-12-13,56,125,15,169,72,74,19,0.268,1
698,22,0,25.0,2022-12-01,2022-12-13,71,0,130,99,57,0,0,0.253,0
699,28,4,34.5,2022-12-01,2022-12-13,4,155,153,127,60,88,11,0.598,0
700,26,4,44.5,2022-12-01,2022-12-13,62,0,157,118,121,70,0,0.904,0
701,26,2,35.9,2022-12-01,2022-12-13,7,200,167,122,24,76,27,0.483,0
702,49,6,27.6,2022-12-01,2022-12-13,30,0,101,125,10,78,31,0.565,1
703,52,1,35.0,2022-12-01,2022-12-13,67,0,45,168,96,88,29,0.905,1
704,41,2,38.5,2022-12-01,2022-12-13,64,0,111,129,3,0,0,0.304,0
705,27,4,28.4,2022-12-01,2022-12-13,53,100,29,110,40,76,20,0.118,0
706,28,6,39.8,2022-12-01,2022-12-13,89,0,182,80,66,80,36,0.177,0
707,30,10,0.0,2022-12-01,2022-12-13,48,0,11,115,116,0,0,0.261,1
708,22,2,34.4,2022-12-01,2022-12-13,33,335,79,127,22,46,21,0.176,0
709,45,9,32.8,2022-12-01,2022-12-13,91,0,6,164,85,78,0,0.148,1
710,23,2,38.0,2022-12-01,2022-12-13,42,160,185,93,95,64,32,0.674,1
711,24,3,31.2,2022-12-01,2022-12-13,0,387,136,158,15,64,13,0.295,0
712,40,5,29.6,2022-12-01,2022-12-13,45,22,50,126,101,78,27,0.439,0
713,38,10,41.2,2022-12-01,2022-12-13,45,0,151,129,47,62,36,0.441,1
714,21,0,26.4,2022-12-01,2022-12-13,84,291,70,134,7,58,20,0.352,0
715,32,3,29.5,2022-12-01,2022-12-13,39,0,192,102,22,74,0,0.121,0
716,34,7,33.9,2022-12-01,2022-12-13,4,392,66,187,118,50,33,0.826,1
717,31,3,33.8,2022-12-01,2022-12-13,52,185,18,173,105,78,39,0.97,1
718,56,10,23.1,2022-12-01,2022-12-13,62,0,25,94,73,72,18,0.595,0
719,24,1,35.5,2022-12-01,2022-12-13,29,178,195,108,117,60,46,0.415,0
720,52,5,35.6,2022-12-01,2022-12-13,51,0,84,97,96,76,27,0.378,1
721,34,4,29.3,2022-12-01,2022-12-13,53,0,192,83,76,86,19,0.317,0
722,21,1,38.1,2022-12-01,2022-12-13,88,200,48,114,87,66,36,0.289,0
723,42,1,29.3,2022-12-01,2022-12-13,86,127,63,149,11,68,29,0.349,1
724,42,5,39.1,2022-12-01,2022-12-13,58,105,162,117,96,86,30,0.251,0
725,45,1,32.8,2022-12-01,2022-12-13,5,0,59,111,48,94,0,0.265,0
726,38,4,39.4,2022-12-01,2022-12-13,66,0,121,112,102,78,40,0.236,0
727,25,1,36.1,2022-12-01,2022-12-13,20,180,126,116,80,78,29,0.496,0
728,22,0,32.4,2022-12-01,2022-12-13,59,0,24,141,26,84,26,0.433,0
729,22,2,22.9,2022-12-01,2022-12-13,72,0,64,175,102,88,0,0.326,0
730,22,2,30.1,2022-12-01,2022-12-13,42,0,53,92,75,52,0,0.141,0
731,34,3,28.4,2022-12-01,2022-12-13,88,79,167,130,64,78,23,0.323,1
732,22,8,28.4,2022-12-01,2022-12-13,14,0,90,120,47,86,0,0.259,1
733,24,2,44.5,2022-12-01,2022-12-13,76,120,148,174,57,88,37,0.646,1
734,22,2,29.0,2022-12-01,2022-12-13,20,165,124,106,51,56,27,0.426,0
735,53,2,23.3,2022-12-01,2022-12-13,62,0,166,105,73,75,0,0.56,0
736,28,4,35.4,2022-12-01,2022-12-13,24,0,107,95,112,60,32,0.284,0
737,21,0,27.4,2022-12-01,2022-12-13,81,120,33,126,45,86,27,0.515,0
738,42,8,32.0,2022-12-01,2022-12-13,65,0,17,65,110,72,23,0.6,0
739,21,2,36.6,2022-12-01,2022-12-13,4,160,32,99,62,60,17,0.453,0
740,42,1,39.5,2022-12-01,2022-12-13,95,0,29,102,29,74,0,0.293,1
741,48,11,42.3,2022-12-01,2022-12-13,86,150,109,120,18,80,37,0.785,1
742,26,3,30.8,2022-12-01,2022-12-13,33,94,15,102,48,44,20,0.4,0
743,22,1,28.5,2022-12-01,2022-12-13,37,116,87,109,2,58,18,0.219,0
744,45,9,32.7,2022-12-01,2022-12-13,46,0,16,140,66,94,0,0.734,1
745,39,13,40.6,2022-12-01,2022-12-13,37,140,72,153,14,88,37,1.174,0
746,46,12,30.0,2022-12-01,2022-12-13,54,105,97,100,60,84,33,0.488,0
747,27,1,49.3,2022-12-01,2022-12-13,90,0,85,147,37,94,41,0.358,1
748,32,1,46.3,2022-12-01,2022-12-13,54,57,87,81,73,74,41,1.096,0
749,36,3,36.4,2022-12-01,2022-12-13,100,200,153,187,3,70,22,0.408,1
750,50,6,24.3,2022-12-01,2022-12-13,5,0,104,162,13,62,0,0.178,1
751,22,4,31.2,2022-12-01,2022-12-13,32,0,79,136,64,70,0,1.182,1
752,28,1,39.0,2022-12-01,2022-12-13,82,74,56,121,52,78,39,0.261,0
753,25,3,26.0,2022-12-01,2022-12-13,17,0,169,108,99,62,24,0.223,0
754,26,0,43.3,2022-12-01,2022-12-13,33,510,28,181,17,88,44,0.222,1
755,45,8,32.4,2022-12-01,2022-12-13,95,0,183,154,60,78,32,0.443,1
756,37,1,36.5,2022-12-01,2022-12-13,43,110,23,128,102,88,39,1.057,1
757,39,7,32.0,2022-12-01,2022-12-13,6,0,14,137,48,90,41,0.391,0
758,52,0,36.3,2022-12-01,2022-12-13,70,0,161,123,7,72,0,0.258,1
759,26,1,37.5,2022-12-01,2022-12-13,95,0,145,106,7,76,0,0.197,0
760,66,6,35.5,2022-12-01,2022-12-13,30,0,154,190,46,92,0,0.278,1
761,22,2,28.4,2022-12-01,2022-12-13,90,16,22,88,56,58,26,0.766,0
762,43,9,44.0,2022-12-01,2022-12-13,59,0,100,170,17,74,31,0.403,1
763,33,9,22.5,2022-12-01,2022-12-13,74,0,1,89,98,62,0,0.142,0
764,63,10,32.9,2022-12-01,2022-12-13,17,180,72,101,87,76,48,0.171,0
765,27,2,36.8,2022-12-01,2022-12-13,6,0,23,122,96,70,27,0.34,0
766,30,5,26.2,2022-12-01,2022-12-13,4,112,125,121,16,72,23,0.245,0
767,47,1,30.1,2022-12-01,2022-12-13,65,0,100,126,58,60,0,0.349,1
768,23,1,30.4,2022-12-01,2022-12-13,55,0,106,93,108,70,31,0.315,0
