id,Age,pregnancies,bmi
1,50,6,33.6
2,31,1,26.6
3,32,8,23.3
4,21,1,28.1
5,33,0,43.1
6,30,5,25.6
7,26,3,31.0
8,29,10,35.3
9,53,2,30.5
10,54,8,0.0
11,30,4,37.6
12,34,10,38.0
13,57,10,27.1
14,59,1,30.1
15,51,5,25.8
16,32,7,30.0
17,31,0,45.8
18,31,7,29.6
19,33,1,43.3
20,32,1,34.6
21,27,3,39.3
22,50,8,35.4
23,41,7,39.8
24,29,9,29.0
25,51,11,36.6
26,41,10,31.1
27,43,7,39.4
28,22,1,23.2
29,57,13,22.2
30,38,5,34.1
31,60,5,36.0
32,28,3,31.6
33,22,3,24.8
34,28,6,19.9
35,45,10,27.6
36,33,4,24.0
37,35,11,33.2
38,46,9,32.9
39,27,2,38.2
40,56,4,37.1
41,26,3,34.0
42,37,7,40.2
43,48,7,22.7
44,54,9,45.4
45,40,7,27.4
46,25,0,42.0
47,29,1,29.7
48,22,2,28.0
49,31,7,39.1
50,24,7,0.0
51,22,1,19.4
52,26,1,24.2
53,30,5,24.4
54,58,8,33.7
55,42,7,34.7
56,21,1,23.0
57,41,7,37.7
58,31,0,46.8
59,44,0,40.5
60,22,0,41.5
61,21,2,0.0
62,39,8,32.9
63,36,5,25.0
64,24,2,25.4
65,42,7,32.8
66,32,5,29.0
67,38,0,32.5
68,54,2,42.7
69,25,1,19.6
70,27,4,28.9
71,28,2,32.9
72,26,5,28.6
73,42,13,43.4
74,23,4,35.1
75,22,1,32.0
76,22,1,24.7
77,41,7,32.6
78,27,5,37.7
79,26,0,43.2
80,24,2,25.0
81,22,3,22.4
82,22,2,0.0
83,36,7,29.3
84,22,0,24.6
85,37,5,48.8
86,27,2,32.4
87,45,13,36.6
88,26,2,38.5
89,43,15,37.1
90,24,1,26.5
91,21,1,19.1
92,34,4,32.0
93,42,7,46.7
94,60,4,23.8
95,21,2,24.7
96,40,6,33.9
97,24,2,31.6
98,22,1,20.4
99,23,6,28.7
100,31,1,49.7
101,33,1,39.0
102,22,1,26.1
103,21,0,22.5
104,24,1,26.6
105,27,2,39.6
106,21,1,28.7
107,27,1,22.4
108,37,4,29.5
109,25,3,34.3
110,24,0,37.4
111,24,3,33.3
112,46,8,34.0
113,23,1,31.2
114,25,4,34.0
115,39,7,30.5
116,61,4,31.2
117,38,5,34.0
118,25,5,33.7
119,22,4,28.2
120,21,4,23.2
121,25,0,53.2
122,24,6,34.2
123,23,2,33.6
124,69,5,26.8
125,23,0,33.3
126,26,1,55.0
127,30,3,42.9
128,23,1,33.3
129,40,1,34.5
130,62,0,27.9
131,33,4,29.7
132,33,9,33.3
133,30,3,34.5
134,39,8,38.3
135,26,2,21.1
136,31,2,33.8
137,21,0,30.8
138,22,0,28.7
139,29,0,31.2
140,28,5,36.9
141,55,3,21.1
142,38,5,39.5
143,22,2,32.5
144,42,10,32.4
145,23,4,32.8
146,21,0,0.0
147,41,9,32.8
148,34,2,30.5
149,65,5,33.7
150,22,2,27.3
151,24,1,37.4
152,37,4,21.9
153,42,9,34.3
154,23,1,40.6
155,43,8,47.9
156,36,7,50.0
157,21,2,24.6
158,23,1,25.2
159,22,2,29.0
160,47,17,40.9
161,36,4,29.7
162,45,7,37.2
163,27,0,44.2
164,21,2,29.7
165,32,0,31.6
166,41,6,29.9
167,22,3,32.5
168,34,4,29.6
169,29,4,31.9
170,29,3,28.4
171,36,6,30.8
172,29,6,35.4
173,25,2,28.9
174,23,1,43.5
175,33,2,29.7
176,36,8,32.7
177,42,6,31.2
178,26,0,67.1
179,47,5,45.0
180,37,5,39.1
181,32,6,23.2
182,23,0,34.9
183,21,1,27.7
184,27,5,26.8
185,40,4,27.6
186,41,7,35.9
187,60,8,30.1
188,33,1,32.0
189,31,8,27.9
190,25,5,31.6
191,21,3,22.6
192,40,9,33.1
193,36,7,30.4
194,40,11,52.3
195,42,8,24.4
196,29,5,39.4
197,21,1,24.3
198,23,3,22.9
199,26,4,34.8
200,29,4,30.9
201,21,0,31.0
202,28,1,40.1
203,32,0,27.3
204,27,2,20.4
205,55,6,37.7
206,27,5,23.9
207,57,8,37.5
208,52,5,37.7
209,21,1,33.2
210,41,7,35.5
211,25,2,27.7
212,24,0,42.8
213,60,7,34.2
214,24,0,42.6
215,36,9,34.2
216,38,12,41.8
217,25,5,35.8
218,32,6,30.0
219,32,5,29.0
220,41,5,37.8
221,21,0,34.6
222,66,2,31.6
223,37,7,25.2
224,61,7,28.8
225,26,1,23.6
226,22,1,34.6
227,26,0,35.7
228,24,3,37.2
229,31,4,36.7
230,24,0,45.2
231,22,4,44.0
232,46,6,46.2
233,22,1,25.4
234,29,4,35.0
235,23,3,29.7
236,26,4,43.6
237,51,7,35.9
238,23,0,44.1
239,32,9,30.8
240,27,0,18.4
241,21,1,29.2
242,22,4,33.1
243,22,3,25.6
244,33,6,27.1
245,29,2,38.2
246,49,9,30.0
247,41,10,31.2
248,23,0,52.3
249,34,9,35.4
250,23,1,30.1
251,42,9,31.2
252,27,2,28.0
253,24,2,24.4
254,25,0,35.8
255,44,12,27.6
256,21,1,33.6
257,30,3,30.1
258,25,2,28.7
259,24,1,25.9
260,51,11,33.3
261,34,3,30.9
262,27,3,30.0
263,24,4,32.1
264,63,3,32.4
265,35,4,32.0
266,43,5,33.6
267,25,0,36.3
268,24,2,40.0
269,21,0,25.1
270,28,2,27.5
271,38,10,45.6
272,21,2,25.2
273,40,3,23.0
274,21,1,33.2
275,52,13,34.2
276,25,2,40.5
277,29,7,26.5
278,23,0,27.8
279,57,5,24.9
280,22,2,25.3
281,28,0,37.9
282,39,10,35.9
283,37,7,32.4
284,47,7,30.4
285,52,2,27.0
286,51,7,26.0
287,34,5,38.7
288,29,1,45.6
289,26,4,20.8
290,33,5,36.1
291,21,0,36.9
292,25,0,36.6
293,31,2,43.3
294,24,1,40.5
295,65,0,21.9
296,28,6,35.5
297,29,2,28.0
298,24,0,30.7
299,46,14,36.6
300,58,8,23.6
301,30,0,32.3
302,25,2,31.6
303,35,5,35.8
304,28,5,52.9
305,37,3,21.0
306,29,2,39.7
307,47,10,25.5
308,21,0,24.8
309,25,0,30.5
310,30,2,32.9
311,41,6,26.2
312,22,0,39.4
313,27,2,26.6
314,25,3,29.5
315,43,7,35.9
316,26,2,34.1
317,30,3,19.3
318,29,3,30.5
319,28,3,38.1
320,59,6,23.5
321,31,4,27.5
322,25,3,31.6
323,36,0,27.4
324,43,13,26.8
325,21,2,35.7
326,24,1,25.6
327,30,1,35.1
328,37,10,35.1
329,23,2,45.5
330,37,6,30.8
331,46,8,23.1
332,25,2,32.7
333,41,1,43.3
334,44,12,23.6
335,22,1,23.9
336,26,0,47.9
337,44,0,33.8
338,44,5,31.2
339,33,9,34.2
340,41,7,39.9
341,22,1,25.9
342,36,1,25.9
343,22,1,32.0
344,33,5,34.7
345,57,8,36.8
346,49,8,38.5
347,22,1,28.7
348,23,3,23.5
349,26,3,21.8
350,37,5,41.0
351,29,4,42.2
352,30,4,31.2
353,46,3,34.4
354,24,1,27.2
355,21,3,42.7
356,49,9,30.4
357,28,1,33.3
358,44,13,39.9
359,48,12,35.3
360,29,1,36.5
361,29,5,31.2
362,63,5,29.8
363,65,5,39.2
364,67,4,38.5
365,30,4,34.9
366,30,5,34.0
367,29,6,27.6
368,21,0,21.0
369,22,3,27.5
370,45,1,32.8
371,25,3,38.4
372,21,0,0.0
373,21,0,35.8
374,25,2,34.9
375,28,2,36.2
376,58,12,39.2
377,22,0,25.2
378,22,1,37.2
379,32,4,48.3
380,35,0,43.4
381,24,1,30.8
382,22,0,20.0
383,21,1,25.4
384,25,1,25.1
385,25,1,24.3
386,24,1,22.3
387,35,5,32.3
388,45,8,43.3
389,58,5,32.0
390,28,3,31.6
391,42,1,32.0
392,27,5,45.7
393,21,1,23.7
394,37,4,22.1
395,31,4,32.9
396,25,2,27.7
397,39,3,24.7
398,22,0,34.3
399,25,3,21.1
400,25,3,34.9
401,31,4,32.0
402,55,6,24.2
403,35,5,35.0
404,38,9,31.6
405,41,5,32.9
406,26,2,42.1
407,46,4,28.9
408,25,0,21.9
409,39,8,25.9
410,28,1,42.4
411,28,6,35.7
412,25,1,34.4
413,22,1,42.4
414,21,1,26.2
415,21,0,34.6
416,22,3,35.7
417,22,1,27.2
418,37,4,38.5
419,27,1,18.2
420,28,3,26.4
421,26,1,45.3
422,21,2,26.0
423,21,0,40.6
424,21,2,30.8
425,36,8,42.9
426,31,4,37.0
427,25,0,0.0
428,38,1,34.1
429,26,0,40.6
430,43,1,35.0
431,23,2,22.2
432,38,3,30.4
433,22,1,30.0
434,29,2,25.6
435,36,1,24.5
436,29,0,42.4
437,41,12,37.4
438,28,5,29.9
439,21,1,18.2
440,31,6,36.8
441,41,0,34.3
442,22,2,32.2
443,24,4,33.2
444,33,8,30.5
445,30,4,29.7
446,25,0,59.4
447,28,1,25.3
448,26,0,36.5
449,22,0,33.6
450,26,0,30.5
451,23,1,21.2
452,23,2,28.9
453,25,0,39.9
454,72,2,19.6
455,24,2,37.8
456,38,14,33.6
457,62,1,26.7
458,24,5,30.2
459,51,10,37.6
460,81,9,25.9
461,48,9,20.8
462,26,1,21.8
463,39,8,35.3
464,37,5,27.6
465,34,10,24.0
466,21,0,21.8
467,22,0,27.8
468,25,0,36.8
469,38,8,30.0
470,27,6,46.1
471,28,1,41.3
472,22,0,33.2
473,22,0,38.8
474,50,7,29.9
475,24,4,28.9
476,59,0,27.3
477,29,2,33.7
478,31,7,23.8
479,39,8,25.9
480,63,4,28.0
481,35,3,35.5
482,29,0,35.2
483,28,4,27.8
484,23,0,38.2
485,31,0,44.2
486,24,0,42.3
487,21,1,40.7
488,58,0,46.5
489,28,4,25.6
490,67,8,26.1
491,24,2,36.8
492,42,2,33.5
493,33,4,32.8
494,45,4,28.9
495,22,3,0.0
496,66,6,26.6
497,30,5,26.0
498,25,2,30.1
499,55,7,25.1
500,39,6,29.3
501,21,2,25.2
502,28,3,37.2
503,41,6,39.0
504,41,7,33.3
505,40,3,37.3
506,38,10,33.3
507,35,0,36.5
508,21,1,28.6
509,21,2,30.4
510,64,8,25.0
511,46,12,29.7
512,21,0,22.1
513,58,9,24.2
514,22,2,27.3
515,24,3,25.6
516,28,3,31.6
517,53,9,30.3
518,51,7,37.6
519,41,13,32.8
520,60,6,19.6
521,25,2,25.0
522,26,3,33.2
523,26,6,0.0
524,45,9,34.2
525,24,3,31.6
526,21,3,21.8
527,21,1,18.2
528,24,3,26.3
529,22,0,30.8
530,31,0,24.6
531,22,2,29.8
532,24,0,45.3
533,29,1,41.3
534,31,6,29.8
535,24,1,33.3
536,23,4,32.9
537,46,0,29.6
538,67,0,21.7
539,23,0,36.3
540,32,3,36.4
541,43,8,39.4
542,27,3,32.4
543,56,10,34.9
544,25,4,39.5
545,29,1,32.0
546,37,8,34.5
547,53,5,43.6
548,28,4,33.1
549,50,1,32.8
550,37,4,28.5
551,21,1,27.4
552,25,3,31.9
553,66,6,27.8
554,23,1,29.9
555,28,1,36.9
556,37,7,25.5
557,30,1,38.1
558,58,8,27.8
559,42,11,46.2
560,35,11,30.1
561,54,6,33.8
562,28,0,41.3
563,24,1,37.6
564,32,6,26.9
565,27,0,32.4
566,22,2,26.1
567,21,1,38.6
568,46,6,32.0
569,37,4,31.3
570,33,0,34.3
571,39,3,32.5
572,21,2,22.6
573,22,3,29.5
574,22,2,34.7
575,23,1,30.1
576,25,1,35.5
577,35,6,24.0
578,21,2,42.9
579,36,10,27.0
580,62,2,34.7
581,21,0,42.1
582,27,6,25.0
583,62,12,26.5
584,42,8,38.7
585,52,8,28.7
586,22,1,22.5
587,41,8,34.9
588,29,6,24.3
589,52,3,33.3
590,25,0,21.1
591,45,11,46.8
592,24,2,39.4
593,44,3,34.4
594,25,2,28.5
595,34,6,33.6
596,22,0,32.0
597,46,0,45.3
598,21,1,27.8
599,38,1,36.8
600,26,1,23.1
601,24,1,27.1
602,28,6,23.7
603,30,1,27.8
604,54,7,35.2
605,36,4,28.4
606,21,1,35.8
607,22,1,40.0
608,25,1,19.5
609,27,0,41.5
610,23,1,24.0
611,24,3,30.9
612,36,3,32.9
613,40,7,38.2
614,26,6,32.5
615,50,11,36.1
616,27,3,25.8
617,30,6,28.7
618,23,2,20.1
619,50,9,28.2
620,24,0,32.4
621,28,2,38.4
622,28,2,24.2
623,45,6,40.8
624,21,0,43.5
625,21,2,30.8
626,29,4,37.7
627,21,0,24.7
628,21,0,32.4
629,45,5,34.6
630,21,4,24.7
631,34,7,27.4
632,24,0,34.5
633,23,2,26.2
634,22,1,27.5
635,31,10,25.9
636,38,13,31.2
637,48,5,28.8
638,23,2,31.6
639,32,7,40.9
640,28,1,19.5
641,27,0,29.3
642,24,4,34.3
643,50,6,29.5
644,31,4,28.0
645,27,3,27.6
646,30,2,39.4
647,33,1,23.4
648,22,0,37.8
649,42,11,28.3
650,23,0,26.4
651,23,1,25.2
652,27,1,33.8
653,28,5,34.1
654,27,2,26.8
655,22,1,34.2
656,25,2,38.7
657,22,2,21.8
658,41,1,38.9
659,51,11,39.0
660,27,3,34.2
661,54,10,27.7
662,22,1,42.9
663,43,8,37.6
664,40,9,37.9
665,40,6,33.7
666,24,1,34.8
667,70,4,32.5
668,40,10,27.5
669,43,6,34.0
670,45,9,30.9
671,49,6,33.6
672,21,1,25.4
673,47,10,35.5
674,22,3,57.3
675,68,8,35.6
676,31,6,30.9
677,53,9,24.8
678,25,0,35.3
679,25,3,36.0
680,23,2,24.2
681,22,2,24.2
682,26,0,49.6
683,22,0,44.6
684,27,4,32.3
685,69,5,0.0
686,25,2,33.2
687,22,3,23.1
688,29,1,28.3
689,23,1,24.1
690,46,1,46.1
691,34,8,24.6
692,44,13,42.3
693,23,2,39.1
694,43,7,38.5
695,25,2,23.5
696,43,7,30.4
697,31,3,29.9
698,22,0,25.0
699,28,4,34.5
700,26,4,44.5
701,26,2,35.9
702,49,6,27.6
703,52,1,35.0
704,41,2,38.5
705,27,4,28.4
706,28,6,39.8
707,30,10,0.0
708,22,2,34.4
709,45,9,32.8
710,23,2,38.0
711,24,3,31.2
712,40,5,29.6
713,38,10,41.2
714,21,0,26.4
715,32,3,29.5
716,34,7,33.9
717,31,3,33.8
718,56,10,23.1
719,24,1,35.5
720,52,5,35.6
721,34,4,29.3
722,21,1,38.1
723,42,1,29.3
724,42,5,39.1
725,45,1,32.8
726,38,4,39.4
727,25,1,36.1
728,22,0,32.4
729,22,2,22.9
730,22,2,30.1
731,34,3,28.4
732,22,8,28.4
733,24,2,44.5
734,22,2,29.0
735,53,2,23.3
736,28,4,35.4
737,21,0,27.4
738,42,8,32.0
739,21,2,36.6
740,42,1,39.5
741,48,11,42.3
742,26,3,30.8
743,22,1,28.5
744,45,9,32.7
745,39,13,40.6
746,46,12,30.0
747,27,1,49.3
748,32,1,46.3
749,36,3,36.4
750,50,6,24.3
751,22,4,31.2
752,28,1,39.0
753,25,3,26.0
754,26,0,43.3
755,45,8,32.4
756,37,1,36.5
757,39,7,32.0
758,52,0,36.3
759,26,1,37.5
760,66,6,35.5
761,22,2,28.4
762,43,9,44.0
763,33,9,22.5
764,63,10,32.9
765,27,2,36.8
766,30,5,26.2
767,47,1,30.1
768,23,1,30.4
