diabetespedigreefunction,outcome,patientid,id
0.627,1,1,1
0.351,0,2,2
0.672,1,3,3
0.167,0,4,4
2.288,1,5,5
0.201,0,6,6
0.248,1,7,7
0.134,0,8,8
0.158,1,9,9
0.232,1,10,10
0.191,0,11,11
0.537,1,12,12
1.441,0,13,13
0.398,1,14,14
0.587,1,15,15
0.484,1,16,16
0.551,1,17,17
0.254,1,18,18
0.183,0,19,19
0.529,1,20,20
0.704,0,21,21
0.388,0,22,22
0.451,1,23,23
0.263,1,24,24
0.254,1,25,25
0.205,1,26,26
0.257,1,27,27
0.487,0,28,28
0.245,0,29,29
0.337,0,30,30
0.546,0,31,31
0.851,1,32,32
0.267,0,33,33
0.188,0,34,34
0.512,0,35,35
0.966,0,36,36
0.42,0,37,37
0.665,1,38,38
0.503,1,39,39
1.39,1,40,40
0.271,0,41,41
0.696,0,42,42
0.235,0,43,43
0.721,1,44,44
0.294,0,45,45
1.893,1,46,46
0.564,0,47,47
0.586,0,48,48
0.344,1,49,49
0.305,0,50,50
0.491,0,51,51
0.526,0,52,52
0.342,0,53,53
0.467,1,54,54
0.718,0,55,55
0.248,0,56,56
0.254,1,57,57
0.962,0,58,58
1.781,0,59,59
0.173,0,60,60
0.304,0,61,61
0.27,1,62,62
0.587,0,63,63
0.699,0,64,64
0.258,1,65,65
0.203,0,66,66
0.855,1,67,67
0.845,0,68,68
0.334,0,69,69
0.189,0,70,70
0.867,1,71,71
0.411,0,72,72
0.583,1,73,73
0.231,0,74,74
0.396,0,75,75
0.14,0,76,76
0.391,0,77,77
0.37,0,78,78
0.27,1,79,79
0.307,0,80,80
0.14,0,81,81
0.102,0,82,82
0.767,0,83,83
0.237,0,84,84
0.227,1,85,85
0.698,0,86,86
0.178,0,87,87
0.324,0,88,88
0.153,1,89,89
0.165,0,90,90
0.258,0,91,91
0.443,0,92,92
0.261,0,93,93
0.277,1,94,94
0.761,0,95,95
0.255,0,96,96
0.13,0,97,97
0.323,0,98,98
0.356,0,99,99
0.325,1,100,100
1.222,1,101,101
0.179,0,102,102
0.262,0,103,103
0.283,0,104,104
0.93,0,105,105
0.801,0,106,106
0.207,0,107,107
0.287,0,108,108
0.336,0,109,109
0.247,1,110,110
0.199,1,111,111
0.543,1,112,112
0.192,0,113,113
0.391,0,114,114
0.588,1,115,115
0.539,1,116,116
0.22,1,117,117
0.654,0,118,118
0.443,0,119,119
0.223,0,120,120
0.759,1,121,121
0.26,0,122,122
0.404,0,123,123
0.186,0,124,124
0.278,1,125,125
0.496,1,126,126
0.452,0,127,127
0.261,0,128,128
0.403,1,129,129
0.741,1,130,130
0.361,1,131,131
1.114,1,132,132
0.356,1,133,133
0.457,0,134,134
0.647,0,135,135
0.088,0,136,136
0.597,0,137,137
0.532,0,138,138
0.703,0,139,139
0.159,0,140,140
0.268,0,141,141
0.286,0,142,142
0.318,0,143,143
0.272,1,144,144
0.237,0,145,145
0.572,0,146,146
0.096,0,147,147
1.4,0,148,148
0.218,0,149,149
0.085,0,150,150
0.399,0,151,151
0.432,0,152,152
1.189,1,153,153
0.687,0,154,154
0.137,1,155,155
0.337,1,156,156
0.637,0,157,157
0.833,0,158,158
0.229,0,159,159
0.817,1,160,160
0.294,0,161,161
0.204,0,162,162
0.167,0,163,163
0.368,0,164,164
0.743,1,165,165
0.722,1,166,166
0.256,0,167,167
0.709,0,168,168
0.471,0,169,169
0.495,0,170,170
0.18,1,171,171
0.542,1,172,172
0.773,0,173,173
0.678,0,174,174
0.37,0,175,175
0.719,1,176,176
0.382,0,177,177
0.319,1,178,178
0.19,0,179,179
0.956,1,180,180
0.084,0,181,181
0.725,0,182,182
0.299,0,183,183
0.268,0,184,184
0.244,0,185,185
0.745,1,186,186
0.615,1,187,187
1.321,1,188,188
0.64,1,189,189
0.361,1,190,190
0.142,0,191,191
0.374,0,192,192
0.383,1,193,193
0.578,1,194,194
0.136,0,195,195
0.395,1,196,196
0.187,0,197,197
0.678,1,198,198
0.905,1,199,199
0.15,1,200,200
0.874,0,201,201
0.236,0,202,202
0.787,0,203,203
0.235,0,204,204
0.324,0,205,205
0.407,0,206,206
0.605,1,207,207
0.151,1,208,208
0.289,0,209,209
0.355,1,210,210
0.29,0,211,211
0.375,0,212,212
0.164,0,213,213
0.431,1,214,214
0.26,1,215,215
0.742,1,216,216
0.514,1,217,217
0.464,0,218,218
1.224,1,219,219
0.261,1,220,220
1.072,1,221,221
0.805,1,222,222
0.209,0,223,223
0.687,0,224,224
0.666,0,225,225
0.101,0,226,226
0.198,0,227,227
0.652,1,228,228
2.329,0,229,229
0.089,0,230,230
0.645,1,231,231
0.238,1,232,232
0.583,0,233,233
0.394,0,234,234
0.293,0,235,235
0.479,1,236,236
0.586,1,237,237
0.686,1,238,238
0.831,1,239,239
0.582,0,240,240
0.192,0,241,241
0.446,0,242,242
0.402,1,243,243
1.318,1,244,244
0.329,0,245,245
1.213,1,246,246
0.258,0,247,247
0.427,0,248,248
0.282,0,249,249
0.143,0,250,250
0.38,0,251,251
0.284,0,252,252
0.249,0,253,253
0.238,0,254,254
0.926,1,255,255
0.543,1,256,256
0.557,0,257,257
0.092,0,258,258
0.655,0,259,259
1.353,1,260,260
0.299,0,261,261
0.761,1,262,262
0.612,0,263,263
0.2,0,264,264
0.226,1,265,265
0.997,0,266,266
0.933,1,267,267
1.101,0,268,268
0.078,0,269,269
0.24,1,270,270
1.136,1,271,271
0.128,0,272,272
0.254,0,273,273
0.422,0,274,274
0.251,0,275,275
0.677,0,276,276
0.296,1,277,277
0.454,0,278,278
0.744,0,279,279
0.881,0,280,280
0.334,1,281,281
0.28,0,282,282
0.262,0,283,283
0.165,1,284,284
0.259,1,285,285
0.647,0,286,286
0.619,0,287,287
0.808,1,288,288
0.34,0,289,289
0.263,0,290,290
0.434,0,291,291
0.757,1,292,292
1.224,1,293,293
0.613,1,294,294
0.254,0,295,295
0.692,0,296,296
0.337,1,297,297
0.52,0,298,298
0.412,1,299,299
0.84,0,300,300
0.839,1,301,301
0.422,1,302,302
0.156,0,303,303
0.209,1,304,304
0.207,0,305,305
0.215,0,306,306
0.326,1,307,307
0.143,0,308,308
1.391,1,309,309
0.875,1,310,310
0.313,0,311,311
0.605,0,312,312
0.433,1,313,313
0.626,0,314,314
1.127,1,315,315
0.315,0,316,316
0.284,0,317,317
0.345,1,318,318
0.15,0,319,319
0.129,1,320,320
0.527,0,321,321
0.197,1,322,322
0.254,1,323,323
0.731,1,324,324
0.148,0,325,325
0.123,0,326,326
0.692,1,327,327
0.2,0,328,328
0.127,1,329,329
0.122,0,330,330
1.476,0,331,331
0.166,0,332,332
0.282,1,333,333
0.137,0,334,334
0.26,0,335,335
0.259,0,336,336
0.932,0,337,337
0.343,1,338,338
0.893,1,339,339
0.331,1,340,340
0.472,0,341,341
0.673,0,342,342
0.389,0,343,343
0.29,0,344,344
0.485,0,345,345
0.349,0,346,346
0.654,0,347,347
0.187,0,348,348
0.279,0,349,349
0.346,1,350,350
0.237,0,351,351
0.252,0,352,352
0.243,0,353,353
0.58,0,354,354
0.559,0,355,355
0.302,1,356,356
0.962,1,357,357
0.569,1,358,358
0.378,0,359,359
0.875,1,360,360
0.583,1,361,361
0.207,0,362,362
0.305,0,363,363
0.52,1,364,364
0.385,0,365,365
0.499,0,366,366
0.368,1,367,367
0.252,0,368,368
0.306,0,369,369
0.234,1,370,370
2.137,1,371,371
1.731,0,372,372
0.545,0,373,373
0.225,0,374,374
0.816,0,375,375
0.528,1,376,376
0.299,0,377,377
0.509,0,378,378
0.238,1,379,379
1.021,0,380,380
0.821,0,381,381
0.236,0,382,382
0.947,0,383,383
1.268,0,384,384
0.221,0,385,385
0.205,0,386,386
0.66,1,387,387
0.239,1,388,388
0.452,1,389,389
0.949,0,390,390
0.444,0,391,391
0.34,1,392,392
0.389,0,393,393
0.463,0,394,394
0.803,1,395,395
1.6,0,396,396
0.944,0,397,397
0.196,1,398,398
0.389,0,399,399
0.241,1,400,400
0.161,1,401,401
0.151,0,402,402
0.286,1,403,403
0.28,0,404,404
0.135,1,405,405
0.52,0,406,406
0.376,1,407,407
0.336,0,408,408
1.191,1,409,409
0.702,1,410,410
0.674,0,411,411
0.528,0,412,412
1.076,0,413,413
0.256,0,414,414
0.534,1,415,415
0.258,1,416,416
1.095,0,417,417
0.554,1,418,418
0.624,0,419,419
0.219,1,420,420
0.507,0,421,421
0.561,0,422,422
0.496,0,423,423
0.421,0,424,424
0.516,1,425,425
0.264,1,426,426
0.256,0,427,427
0.328,1,428,428
0.284,0,429,429
0.233,1,430,430
0.108,0,431,431
0.551,0,432,432
0.527,0,433,433
0.167,0,434,434
1.138,0,435,435
0.205,1,436,436
0.244,0,437,437
0.434,0,438,438
0.147,0,439,439
0.727,0,440,440
0.435,1,441,441
0.497,0,442,442
0.23,0,443,443
0.955,1,444,444
0.38,1,445,445
2.42,1,446,446
0.658,0,447,447
0.33,0,448,448
0.51,1,449,449
0.285,0,450,450
0.415,0,451,451
0.542,1,452,452
0.381,0,453,453
0.832,0,454,454
0.498,0,455,455
0.212,1,456,456
0.687,0,457,457
0.364,0,458,458
1.001,1,459,459
0.46,0,460,460
0.733,0,461,461
0.416,0,462,462
0.705,0,463,463
0.258,0,464,464
1.022,0,465,465
0.452,0,466,466
0.269,0,467,467
0.6,0,468,468
0.183,1,469,469
0.571,0,470,470
0.607,0,471,471
0.17,0,472,472
0.259,0,473,473
0.21,0,474,474
0.126,0,475,475
0.231,0,476,476
0.711,1,477,477
0.466,0,478,478
0.162,0,479,479
0.419,0,480,480
0.344,1,481,481
0.197,0,482,482
0.306,0,483,483
0.233,0,484,484
0.63,1,485,485
0.365,1,486,486
0.536,0,487,487
1.159,0,488,488
0.294,0,489,489
0.551,0,490,490
0.629,0,491,491
0.292,0,492,492
0.145,0,493,493
1.144,1,494,494
0.174,0,495,495
0.304,0,496,496
0.292,0,497,497
0.547,0,498,498
0.163,1,499,499
0.839,0,500,500
0.313,0,501,501
0.267,0,502,502
0.727,1,503,503
0.738,0,504,504
0.238,0,505,505
0.263,0,506,506
0.314,1,507,507
0.692,0,508,508
0.968,0,509,509
0.409,0,510,510
0.297,1,511,511
0.207,0,512,512
0.2,0,513,513
0.525,0,514,514
0.154,0,515,515
0.268,1,516,516
0.771,1,517,517
0.304,0,518,518
0.18,0,519,519
0.582,0,520,520
0.187,0,521,521
0.305,0,522,522
0.189,0,523,523
0.652,1,524,524
0.151,0,525,525
0.444,0,526,526
0.299,0,527,527
0.107,0,528,528
0.493,0,529,529
0.66,0,530,530
0.717,0,531,531
0.686,0,532,532
0.917,0,533,533
0.501,0,534,534
1.251,0,535,535
0.302,1,536,536
0.197,0,537,537
0.735,0,538,538
0.804,0,539,539
0.968,1,540,540
0.661,1,541,541
0.549,1,542,542
0.825,1,543,543
0.159,0,544,544
0.365,0,545,545
0.423,1,546,546
1.034,1,547,547
0.16,0,548,548
0.341,0,549,549
0.68,0,550,550
0.204,0,551,551
0.591,0,552,552
0.247,0,553,553
0.422,0,554,554
0.471,0,555,555
0.161,0,556,556
0.218,0,557,557
0.237,0,558,558
0.126,0,559,559
0.3,0,560,560
0.121,1,561,561
0.502,1,562,562
0.401,0,563,563
0.497,0,564,564
0.601,0,565,565
0.748,0,566,566
0.412,0,567,567
0.085,0,568,568
0.338,0,569,569
0.203,1,570,570
0.27,0,571,571
0.268,0,572,572
0.43,0,573,573
0.198,0,574,574
0.892,0,575,575
0.28,0,576,576
0.813,0,577,577
0.693,1,578,578
0.245,0,579,579
0.575,1,580,580
0.371,1,581,581
0.206,0,582,582
0.259,0,583,583
0.19,0,584,584
0.687,1,585,585
0.417,0,586,586
0.129,1,587,587
0.249,0,588,588
1.154,1,589,589
0.342,0,590,590
0.925,1,591,591
0.175,0,592,592
0.402,1,593,593
1.699,0,594,594
0.733,0,595,595
0.682,1,596,596
0.194,0,597,597
0.559,0,598,598
0.088,1,599,599
0.407,0,600,600
0.4,0,601,601
0.19,0,602,602
0.1,0,603,603
0.692,1,604,604
0.212,1,605,605
0.514,0,606,606
1.258,1,607,607
0.482,0,608,608
0.27,0,609,609
0.138,0,610,610
0.292,0,611,611
0.593,1,612,612
0.787,1,613,613
0.878,0,614,614
0.557,1,615,615
0.207,0,616,616
0.157,0,617,617
0.257,0,618,618
1.282,1,619,619
0.141,1,620,620
0.246,0,621,621
1.698,0,622,622
1.461,0,623,623
0.347,0,624,624
0.158,0,625,625
0.362,0,626,626
0.206,0,627,627
0.393,0,628,628
0.144,0,629,629
0.148,0,630,630
0.732,1,631,631
0.238,0,632,632
0.343,0,633,633
0.115,0,634,634
0.167,0,635,635
0.465,1,636,636
0.153,0,637,637
0.649,0,638,638
0.871,1,639,639
0.149,0,640,640
0.695,0,641,641
0.303,0,642,642
0.178,1,643,643
0.61,0,644,644
0.73,0,645,645
0.134,0,646,646
0.447,1,647,647
0.455,1,648,648
0.26,1,649,649
0.133,0,650,650
0.234,0,651,651
0.466,0,652,652
0.269,0,653,653
0.455,0,654,654
0.142,0,655,655
0.24,1,656,656
0.155,0,657,657
1.162,0,658,658
0.19,0,659,659
1.292,1,660,660
0.182,0,661,661
1.394,1,662,662
0.165,1,663,663
0.637,1,664,664
0.245,1,665,665
0.217,0,666,666
0.235,1,667,667
0.141,1,668,668
0.43,0,669,669
0.164,0,670,670
0.631,0,671,671
0.551,0,672,672
0.285,0,673,673
0.88,0,674,674
0.587,0,675,675
0.328,1,676,676
0.23,1,677,677
0.263,0,678,678
0.127,1,679,679
0.614,0,680,680
0.332,0,681,681
0.364,1,682,682
0.366,0,683,683
0.536,1,684,684
0.64,0,685,685
0.591,0,686,686
0.314,0,687,687
0.181,0,688,688
0.828,0,689,689
0.335,1,690,690
0.856,0,691,691
0.257,1,692,692
0.886,0,693,693
0.439,1,694,694
0.191,0,695,695
0.128,1,696,696
0.268,1,697,697
0.253,0,698,698
0.598,0,699,699
0.904,0,700,700
0.483,0,701,701
0.565,1,702,702
0.905,1,703,703
0.304,0,704,704
0.118,0,705,705
0.177,0,706,706
0.261,1,707,707
0.176,0,708,708
0.148,1,709,709
0.674,1,710,710
0.295,0,711,711
0.439,0,712,712
0.441,1,713,713
0.352,0,714,714
0.121,0,715,715
0.826,1,716,716
0.97,1,717,717
0.595,0,718,718
0.415,0,719,719
0.378,1,720,720
0.317,0,721,721
0.289,0,722,722
0.349,1,723,723
0.251,0,724,724
0.265,0,725,725
0.236,0,726,726
0.496,0,727,727
0.433,0,728,728
0.326,0,729,729
0.141,0,730,730
0.323,1,731,731
0.259,1,732,732
0.646,1,733,733
0.426,0,734,734
0.56,0,735,735
0.284,0,736,736
0.515,0,737,737
0.6,0,738,738
0.453,0,739,739
0.293,1,740,740
0.785,1,741,741
0.4,0,742,742
0.219,0,743,743
0.734,1,744,744
1.174,0,745,745
0.488,0,746,746
0.358,1,747,747
1.096,0,748,748
0.408,1,749,749
0.178,1,750,750
1.182,1,751,751
0.261,0,752,752
0.223,0,753,753
0.222,1,754,754
0.443,1,755,755
1.057,1,756,756
0.391,0,757,757
0.258,1,758,758
0.197,0,759,759
0.278,1,760,760
0.766,0,761,761
0.403,1,762,762
0.142,0,763,763
0.171,0,764,764
0.34,0,765,765
0.245,0,766,766
0.349,1,767,767
0.315,0,768,768
