skinthickness,patientid
35,1
29,2
0,3
23,4
35,5
0,6
32,7
0,8
45,9
0,10
0,11
0,12
0,13
23,14
19,15
0,16
47,17
0,18
38,19
30,20
41,21
0,22
0,23
35,24
33,25
26,26
0,27
15,28
19,29
0,30
26,31
36,32
11,33
0,34
31,35
33,36
0,37
37,38
42,39
47,40
25,41
0,42
18,43
24,44
0,45
39,46
0,47
27,48
32,49
0,50
11,51
15,52
21,53
34,54
42,55
10,56
39,57
60,58
0,59
41,60
0,61
0,62
0,63
34,64
0,65
27,66
30,67
0,68
13,69
27,70
20,71
35,72
0,73
20,74
30,75
20,76
0,77
33,78
0,79
22,80
13,81
0,82
26,83
28,84
0,85
29,86
54,87
25,88
32,89
19,90
0,91
15,92
40,93
0,94
18,95
27,96
28,97
18,98
30,99
51,100
0,101
0,102
0,103
18,104
0,105
29,106
0,107
28,108
31,109
25,110
33,111
26,112
34,113
0,114
32,115
0,116
0,117
0,118
23,119
15,120
56,121
39,122
30,123
0,124
0,125
42,126
30,127
36,128
24,129
0,130
14,131
0,132
37,133
31,134
13,135
20,136
26,137
25,138
0,139
29,140
0,141
30,142
26,143
0,144
31,145
23,146
37,147
35,148
0,149
17,150
50,151
0,152
28,153
42,154
0,155
44,156
15,157
21,158
19,159
41,160
38,161
40,162
34,163
23,164
0,165
18,166
25,167
0,168
0,169
12,170
0,171
23,172
23,173
42,174
24,175
42,176
0,177
46,178
0,179
0,180
0,181
18,182
20,183
0,184
0,185
28,186
36,187
41,188
39,189
35,190
0,191
44,192
0,193
0,194
20,195
41,196
0,197
13,198
44,199
27,200
16,201
0,202
20,203
16,204
32,205
28,206
29,207
0,208
27,209
33,210
22,211
54,212
31,213
26,214
32,215
40,216
41,217
30,218
22,219
0,220
29,221
0,222
0,223
33,224
15,225
27,226
0,227
38,228
39,229
31,230
0,231
37,232
25,233
0,234
28,235
0,236
21,237
27,238
21,239
0,240
24,241
32,242
0,243
22,244
35,245
15,246
0,247
33,248
33,249
19,250
0,251
0,252
14,253
32,254
7,255
35,256
39,257
22,258
16,259
28,260
15,261
0,262
32,263
15,264
0,265
18,266
0,267
42,268
0,269
0,270
37,271
32,272
0,273
50,274
0,275
52,276
24,277
23,278
0,279
10,280
0,281
28,282
15,283
0,284
0,285
26,286
44,287
39,288
17,289
43,290
29,291
30,292
37,293
45,294
0,295
31,296
38,297
29,298
25,299
0,300
0,301
33,302
41,303
0,304
0,305
37,306
23,307
14,308
19,309
28,310
30,311
37,312
17,313
10,314
31,315
22,316
11,317
0,318
39,319
0,320
12,321
30,322
20,323
33,324
32,325
21,326
32,327
0,328
36,329
32,330
19,331
16,332
0,333
0,334
18,335
43,336
0,337
0,338
34,339
0,340
13,341
21,342
35,343
0,344
0,345
36,346
19,347
0,348
19,349
32,350
0,351
0,352
28,353
12,354
0,355
0,356
40,357
30,358
40,359
36,360
33,361
0,362
37,363
0,364
25,365
28,366
0,367
17,368
16,369
28,370
48,371
23,372
22,373
40,374
43,375
43,376
15,377
37,378
0,379
39,380
30,381
22,382
8,383
18,384
24,385
13,386
29,387
36,388
26,389
23,390
29,391
0,392
14,393
12,394
0,395
24,396
34,397
40,398
0,399
31,400
0,401
0,402
41,403
25,404
0,405
32,406
0,407
0,408
0,409
49,410
39,411
30,412
23,413
22,414
35,415
33,416
21,417
32,418
0,419
29,420
41,421
18,422
46,423
22,424
32,425
39,426
0,427
30,428
46,429
25,430
0,431
16,432
11,433
0,434
8,435
0,436
33,437
0,438
15,439
0,440
25,441
23,442
27,443
0,444
12,445
63,446
12,447
45,448
37,449
18,450
13,451
0,452
32,453
0,454
28,455
30,456
0,457
28,458
48,459
33,460
22,461
0,462
40,463
30,464
0,465
13,466
10,467
36,468
0,469
41,470
40,471
38,472
27,473
0,474
0,475
27,476
45,477
17,478
38,479
31,480
30,481
37,482
22,483
31,484
0,485
42,486
41,487
32,488
17,489
0,490
28,491
30,492
38,493
18,494
0,495
0,496
0,497
15,498
33,499
32,500
19,501
32,502
41,503
25,504
39,505
0,506
26,507
23,508
23,509
0,510
31,511
17,512
0,513
0,514
19,515
18,516
34,517
0,518
0,519
7,520
32,521
33,522
0,523
0,524
0,525
18,526
19,527
15,528
31,529
0,530
18,531
0,532
52,533
0,534
30,535
0,536
0,537
0,538
37,539
49,540
40,541
25,542
32,543
23,544
29,545
35,546
27,547
21,548
43,549
31,550
28,551
30,552
0,553
24,554
23,555
33,556
40,557
0,558
40,559
0,560
0,561
32,562
34,563
19,564
0,565
14,566
30,567
32,568
29,569
30,570
0,571
0,572
31,573
17,574
30,575
47,576
20,577
0,578
0,579
99,580
46,581
27,582
17,583
0,584
24,585
11,586
0,587
0,588
27,589
0,590
40,591
50,592
0,593
22,594
45,595
14,596
0,597
19,598
0,599
18,600
19,601
0,602
36,603
29,604
0,605
32,606
42,607
25,608
39,609
13,610
21,611
22,612
42,613
28,614
26,615
0,616
0,617
13,618
24,619
0,620
42,621
20,622
0,623
27,624
0,625
47,626
0,627
0,628
0,629
22,630
0,631
40,632
0,633
17,634
0,635
0,636
0,637
18,638
32,639
12,640
17,641
0,642
0,643
0,644
30,645
35,646
17,647
36,648
35,649
25,650
25,651
23,652
40,653
0,654
28,655
27,656
35,657
48,658
0,659
31,660
0,661
43,662
46,663
46,664
39,665
45,666
18,667
27,668
33,669
30,670
26,671
10,672
23,673
35,674
0,675
0,676
0,677
0,678
0,679
17,680
28,681
36,682
39,683
0,684
0,685
26,686
0,687
19,688
26,689
46,690
0,691
0,692
32,693
49,694
0,695
24,696
19,697
0,698
11,699
0,700
27,701
31,702
29,703
0,704
20,705
36,706
0,707
21,708
0,709
32,710
13,711
27,712
36,713
20,714
0,715
33,716
39,717
18,718
46,719
27,720
19,721
36,722
29,723
30,724
0,725
40,726
29,727
26,728
0,729
0,730
23,731
0,732
37,733
27,734
0,735
32,736
27,737
23,738
17,739
0,740
37,741
20,742
18,743
0,744
37,745
33,746
41,747
41,748
22,749
0,750
0,751
39,752
24,753
44,754
32,755
39,756
41,757
0,758
0,759
0,760
26,761
31,762
0,763
48,764
27,765
23,766
0,767
31,768
